종목코드,종목명,시장구분,업종명,종가,대비,등락률,시가총액
"095570","AJ네트웍스","KOSPI","서비스업","32500","0","0.00","304344917500"
"068400","AJ렌터카","KOSPI","서비스업","8350","-120","-1.42","184921605000"
"006840","AK홀딩스","KOSPI","서비스업","56000","700","1.27","741863416000"
"027410","BGF리테일","KOSPI","유통업","81800","-1400","-1.68","4052995725000"
"138930","BNK금융지주","KOSPI","기타금융","8680","-90","-1.03","2829117935280"
"001460","BYC","KOSPI","섬유의복","397000","1000","0.25","247972155000"
"001465","BYC우","KOSPI","섬유의복","173000","-1000","-0.57","37261605000"
"001040","CJ","KOSPI","서비스업","187000","2000","1.08","5456098626000"
"079160","CJ CGV","KOSPI","서비스업","70400","1600","2.33","1489756435200"
"000120","CJ대한통운","KOSPI","운수창고업","179000","3500","1.99","4083409576000"
"011150","CJ씨푸드","KOSPI","음식료품","3470","5","0.14","124679782310"
"011155","CJ씨푸드1우","KOSPI","음식료품","16950","-100","-0.59","3390000000"
"001045","CJ우","KOSPI","서비스업","74600","0","0.00","168612635800"
"097950","CJ제일제당","KOSPI","음식료품","357500","1500","0.42","4705378535000"
"097955","CJ제일제당 우","KOSPI","음식료품","173000","0","0.00","229645909000"
"037560","CJ헬로비전","KOSPI","서비스업","9370","140","1.52","725677125050"
"000590","CS홀딩스","KOSPI","서비스업","80700","800","1.00","93166697400"
"139130","DGB금융지주","KOSPI","기타금융","9770","-50","-0.51","1651649314580"
"004840","DRB동일","KOSPI","서비스업","12350","-400","-3.14","228598500000"
"155660","DSR","KOSPI","섬유의복","9300","-120","-1.27","148800000000"
"069730","DSR제강","KOSPI","철강금속","8820","50","0.57","127008000000"
"017940","E1","KOSPI","유통업","62700","100","0.16","430122000000"
"007700","F&F","KOSPI","섬유의복","17450","400","2.35","268730000000"
"114090","GKL","KOSPI","서비스업","20450","-250","-1.21","1264948451500"
"078930","GS","KOSPI","서비스업","54100","300","0.56","5026721949800"
"006360","GS건설","KOSPI","건설업","26500","450","1.73","1881500000000"
"001250","GS글로벌","KOSPI","유통업","3095","5","0.16","255441999580"
"007070","GS리테일","KOSPI","유통업","47600","400","0.85","3665200000000"
"078935","GS우","KOSPI","서비스업","34250","-250","-0.72","61130290500"
"001500","HMC투자증권","KOSPI","증권","9500","-80","-0.84","278702554500"
"003560","IHQ","KOSPI","서비스업","1865","15","0.81","267732044440"
"175330","JB금융지주","KOSPI","기타금융","5780","-60","-1.03","898439864940"
"234080","JW생명과학","KOSPI","의약품","27350","0","0.00","216537525950"
"001060","JW중외제약","KOSPI","의약품","52700","200","0.38","987739025200"
"001067","JW중외제약2우B","KOSPI","의약품","39650","-950","-2.34","3283218250"
"001065","JW중외제약우","KOSPI","의약품","25250","-300","-1.17","3983515750"
"096760","JW홀딩스","KOSPI","서비스업","8880","0","0.00","544418867280"
"105560","KB금융","KOSPI","기타금융","42800","-500","-1.15","17895173783600"
"002550","KB손해보험","KOSPI","보험","26150","-200","-0.76","1569000000000"
"021960","KB캐피탈","KOSPI","기타금융","26800","50","0.19","575989030400"
"002380","KCC","KOSPI","화학","359500","-6500","-1.78","3795066423500"
"009070","KCTC","KOSPI","운수창고업","3315","-10","-0.30","99450000000"
"009440","KC그린홀딩스","KOSPI","서비스업","7540","10","0.13","169159749200"
"119650","KC코트렐","KOSPI","기계","5960","-20","-0.33","77480000000"
"092220","KEC","KOSPI","전기전자","1000","-5","-0.50","89047384000"
"109070","KGP","KOSPI","종이목재","800","9","1.14","51420692000"
"001390","KG케미칼","KOSPI","화학","14750","-50","-0.34","170760278000"
"001940","KISCO홀딩스","KOSPI","서비스업","61200","500","0.82","226150891200"
"083420","KPX그린케미칼","KOSPI","화학","4645","-5","-0.11","92900000000"
"025000","KPX케미칼","KOSPI","화학","59400","800","1.37","287496000000"
"092230","KPX홀딩스","KOSPI","서비스업","65800","-100","-0.15","277981706800"
"000040","KR모터스","KOSPI","운수장비","863","-2","-0.23","151999736062"
"044450","KSS해운","KOSPI","운수창고업","8090","20","0.25","187573769200"
"030200","KT","KOSPI","통신업","29400","-200","-0.68","7676687155200"
"033780","KT&G","KOSPI","기타제조업","101000","-2000","-1.94","13866542197000"
"030210","KTB투자증권","KOSPI","증권","2925","-50","-1.68","176418719100"
"058850","KTcs","KOSPI","서비스업","2480","5","0.20","105858800000"
"093050","LF","KOSPI","섬유의복","21550","-250","-1.15","630122000000"
"003550","LG","KOSPI","서비스업","60000","300","0.50","10353427860000"
"034220","LG디스플레이","KOSPI","전기전자","31450","-350","-1.10","11253303765000"
"001120","LG상사","KOSPI","유통업","29250","50","0.17","1133730000000"
"068870","LG생명과학","KOSPI","의약품","67500","0","0.00","1118946825000"
"068875","LG생명과학우","KOSPI","의약품","44000","0","0.00","10393504000"
"051900","LG생활건강","KOSPI","화학","857000","6000","0.71","13384794829000"
"051905","LG생활건강우","KOSPI","화학","563000","14000","2.55","1182129411000"
"003555","LG우","KOSPI","서비스업","39050","-100","-0.26","129438136850"
"032640","LG유플러스","KOSPI","통신업","11450","-150","-1.29","4999200083450"
"011070","LG이노텍","KOSPI","전기전자","88400","400","0.45","2092172258800"
"066570","LG전자","KOSPI","전기전자","51600","100","0.19","8444227202400"
"066575","LG전자우","KOSPI","전기전자","25650","600","2.40","440820694800"
"108670","LG하우시스","KOSPI","화학","95700","-400","-0.42","858206019000"
"108675","LG하우시스우","KOSPI","화학","56400","100","0.18","58223412000"
"051910","LG화학","KOSPI","화학","261000","0","0.00","17296757100000"
"051915","LG화학우","KOSPI","화학","179500","0","0.00","1369391319500"
"079550","LIG넥스원","KOSPI","기계","80500","-600","-0.74","1771000000000"
"006260","LS","KOSPI","서비스업","59300","-600","-1.00","1909460000000"
"000680","LS네트웍스","KOSPI","유통업","3035","-35","-1.14","239167153560"
"010120","LS산전","KOSPI","전기전자","39750","-500","-1.24","1192500000000"
"023150","MH에탄올","KOSPI","음식료품","7900","70","0.89","58290355400"
"035420","NAVER","KOSPI","서비스업","775000","12000","1.57","25546076225000"
"181710","NHN엔터테인먼트","KOSPI","서비스업","50300","-200","-0.40","984120757500"
"005940","NH투자증권","KOSPI","증권","9650","-110","-1.13","2715595759550"
"005945","NH투자증권우","KOSPI","증권","6760","-30","-0.44","127567743680"
"034310","NICE","KOSPI","서비스업","17600","250","1.44","666728480000"
"008260","NI스틸","KOSPI","철강금속","3135","50","1.62","89118174750"
"004250","NPC","KOSPI","화학","6440","0","0.00","236476800000"
"004255","NPC우","KOSPI","화학","2985","-15","-0.50","15760800000"
"010060","OCI","KOSPI","화학","78700","400","0.51","1876945497700"
"005490","POSCO","KOSPI","철강금속","257500","2000","0.78","22450610012500"
"100840","S&TC","KOSPI","기계","19200","50","0.26","136024550400"
"064960","S&T모티브","KOSPI","운수장비","48850","-150","-0.31","714340193600"
"003570","S&T중공업","KOSPI","운수장비","9300","-50","-0.53","302002982700"
"036530","S&T홀딩스","KOSPI","서비스업","15850","-150","-0.94","250907164250"
"010950","S-Oil","KOSPI","화학","84700","900","1.07","9535762482400"
"010955","S-Oil우","KOSPI","화학","56000","-600","-1.06","225227912000"
"034120","SBS","KOSPI","서비스업","26250","-100","-0.38","479130277500"
"101060","SBS미디어홀딩스","KOSPI","서비스업","2675","10","0.38","374222308250"
"004060","SG세계물산","KOSPI","유통업","1145","0","0.00","231776579200"
"001380","SG충방","KOSPI","운수장비","3415","120","3.64","142567610050"
"002360","SH에너지화학","KOSPI","화학","1575","20","1.29","175035624750"
"009160","SIMPAC","KOSPI","기계","4740","25","0.53","137862544500"
"123700","SJM","KOSPI","운수장비","6040","-10","-0.17","94253583920"
"025530","SJM홀딩스","KOSPI","서비스업","5220","-50","-0.95","77955521760"
"034730","SK","KOSPI","서비스업","229500","1000","0.44","16147688161500"
"011790","SKC","KOSPI","화학","33000","-100","-0.30","1238640315000"
"018670","SK가스","KOSPI","유통업","129500","5000","4.02","1150150494500"
"001740","SK네트웍스","KOSPI","유통업","6920","-70","-1.00","1717458517240"
"001745","SK네트웍스우","KOSPI","유통업","49600","50","0.10","5636940800"
"210980","SK디앤디","KOSPI","서비스업","44150","-200","-0.45","475495500000"
"03473K","SK우","KOSPI","서비스업","137000","1500","1.11","77560495000"
"096770","SK이노베이션","KOSPI","서비스업","146500","-1500","-1.01","13546205126000"
"096775","SK이노베이션우","KOSPI","서비스업","86900","400","0.46","108488219400"
"001510","SK증권","KOSPI","증권","1020","-5","-0.49","326519514420"
"001515","SK증권우","KOSPI","증권","1570","-5","-0.32","6142646980"
"006120","SK케미칼","KOSPI","화학","67000","100","0.15","1628318085000"
"006125","SK케미칼우","KOSPI","화학","27100","0","0.00","76344087500"
"017670","SK텔레콤","KOSPI","통신업","224000","-500","-0.22","18087039264000"
"000660","SK하이닉스","KOSPI","전기전자","44700","-650","-1.43","32541705715500"
"005610","SPC삼립","KOSPI","음식료품","169500","1500","0.89","1462617025500"
"011810","STX","KOSPI","유통업","1660","-45","-2.64","78570572200"
"077970","STX엔진","KOSPI","기계","6630","30","0.45","152549033520"
"071970","STX중공업","KOSPI","기계","1170","-20","-1.68","27837022590"
"084870","TBH글로벌","KOSPI","섬유의복","8700","150","1.75","181454325300"
"002710","TCC동양","KOSPI","철강금속","2465","35","1.44","55074262500"
"024070","WISCOM","KOSPI","화학","4180","-25","-0.59","62808345600"
"037270","YG PLUS","KOSPI","서비스업","2100","-15","-0.71","122158478400"
"000500","가온전선","KOSPI","전기전자","22200","0","0.00","92359703400"
"000860","강남제비스코","KOSPI","화학","36150","550","1.54","234975000000"
"035250","강원랜드","KOSPI","서비스업","35750","-500","-1.38","7648372875000"
"011420","갤럭시아에스엠","KOSPI","서비스업","2125","30","1.43","58542993500"
"002100","경농","KOSPI","화학","5800","-50","-0.85","125812150000"
"012320","경동가스","KOSPI","전기가스업","76700","1900","2.54","267284160000"
"009450","경동나비엔","KOSPI","전기전자","43050","300","0.70","548435905500"
"000050","경방","KOSPI","섬유의복","15300","-250","-1.61","419453631000"
"214390","경보제약","KOSPI","의약품","13950","-100","-0.71","333500697000"
"012610","경인양행","KOSPI","화학","4990","100","2.04","201577861350"
"009140","경인전자","KOSPI","전기전자","22550","50","0.22","35421472350"
"013580","계룡건설","KOSPI","건설업","14100","50","0.36","125925788700"
"012200","계양전기","KOSPI","기계","5040","-40","-0.79","164304000000"
"012205","계양전기우","KOSPI","기계","3910","0","0.00","5474000000"
"004200","고려개발","KOSPI","건설업","6290","50","0.80","135549500000"
"002140","고려산업","KOSPI","음식료품","6670","-150","-2.20","166345964750"
"010130","고려아연","KOSPI","철강금속","475000","8000","1.71","8963250000000"
"002240","고려제강","KOSPI","철강금속","40150","-450","-1.11","722700000000"
"009810","고려포리머","KOSPI","유통업","990","21","2.17","65594960640"
"001290","골든브릿지증권","KOSPI","증권","883","4","0.46","56279830161"
"009290","광동제약","KOSPI","의약품","8520","-50","-0.58","446625650520"
"017040","광명전기","KOSPI","전기전자","3260","-10","-0.31","141280624900"
"017900","광전자","KOSPI","전기전자","2325","20","0.87","134719248975"
"037710","광주신세계","KOSPI","유통업","248500","500","0.20","397600000000"
"192530","광주은행","KOSPI","은행","10800","0","0.00","554213415600"
"140910","광희리츠","KOSPI","서비스업","5830","-110","-1.85","21155525050"
"030610","교보증권","KOSPI","증권","8810","50","0.57","317160000000"
"007690","국도화학","KOSPI","화학","54900","0","0.00","319002818400"
"005320","국동","KOSPI","유통업","7990","70","0.88","47253275480"
"001140","국보","KOSPI","운수창고업","21000","450","2.19","21573384000"
"002720","국제약품","KOSPI","의약품","4605","-65","-1.39","76476699390"
"014530","극동유화","KOSPI","화학","3270","40","1.24","114023003400"
"014280","금강공업","KOSPI","철강금속","39100","-100","-0.26","189868192400"
"014285","금강공업우","KOSPI","철강금속","43100","-650","-1.49","5084722500"
"008870","금비","KOSPI","비금속광물","88800","400","0.45","88800000000"
"001570","금양","KOSPI","화학","2985","10","0.34","117469624380"
"002990","금호산업","KOSPI","건설업","9680","110","1.15","339680812240"
"002995","금호산업우","KOSPI","건설업","17750","-200","-1.11","5187721500"
"011780","금호석유","KOSPI","화학","82000","500","0.61","2498350662000"
"011785","금호석유우","KOSPI","화학","29300","100","0.34","88588139800"
"214330","금호에이치티","KOSPI","운수장비","6340","170","2.76","61910100000"
"001210","금호전기","KOSPI","전기전자","9490","80","0.85","65633323990"
"073240","금호타이어","KOSPI","화학","8480","330","4.05","1339781979840"
"092440","기신정기","KOSPI","기계","4895","15","0.31","142934000000"
"000270","기아차","KOSPI","운수장비","39250","300","0.77","15910511369750"
"024110","기업은행","KOSPI","은행","12700","-350","-2.68","7111730950500"
"013700","까뮤이앤씨","KOSPI","건설업","11050","0","0.00","49893269400"
"004540","깨끗한나라","KOSPI","종이목재","5720","180","3.25","212972971640"
"004545","깨끗한나라우","KOSPI","종이목재","17200","-200","-1.15","6297952000"
"007460","나라케이아이씨","KOSPI","기계","2620","-15","-0.57","44348729520"
"001260","남광토건","KOSPI","건설업","7280","-150","-2.02","71318192400"
"008350","남선알미늄","KOSPI","철강금속","1190","10","0.85","131113117100"
"008355","남선알미우","KOSPI","철강금속","8380","0","0.00","2580118200"
"004270","남성","KOSPI","유통업","1835","65","3.67","66449313600"
"003920","남양유업","KOSPI","음식료품","734000","-6000","-0.81","528480000000"
"003925","남양유업우","KOSPI","음식료품","244000","1000","0.41","40665528000"
"002070","남영비비안","KOSPI","섬유의복","8850","-20","-0.23","60781313250"
"025860","남해화학","KOSPI","화학","8400","-130","-1.52","417302281200"
"005720","넥센","KOSPI","서비스업","8080","120","1.51","411111773600"
"005725","넥센우","KOSPI","서비스업","4970","-5","-0.10","17894982000"
"002350","넥센타이어","KOSPI","화학","13000","-100","-0.76","1253406401000"
"002355","넥센타이어1우B","KOSPI","화학","5300","0","0.00","34450000000"
"110570","넥솔론","KOSPI","전기전자","547","-5","-0.91","88160097212"
"090350","노루페인트","KOSPI","화학","8550","-100","-1.16","171000000000"
"090355","노루페인트우","KOSPI","화학","8690","0","0.00","4024564940"
"000320","노루홀딩스","KOSPI","서비스업","15600","0","0.00","205898331600"
"000327","노루홀딩스2우B","KOSPI","서비스업","17500","0","0.00","1619450000"
"000325","노루홀딩스우","KOSPI","서비스업","14550","150","1.04","2695387500"
"006280","녹십자","KOSPI","의약품","157000","-3000","-1.88","1834786466000"
"005250","녹십자홀딩스","KOSPI","서비스업","23800","-100","-0.42","1119271398000"
"005255","녹십자홀딩스1우","KOSPI","서비스업","23750","300","1.28","39635662500"
"005257","녹십자홀딩스2우","KOSPI","서비스업","21300","-300","-1.39","18019587000"
"004370","농심","KOSPI","음식료품","332500","-3500","-1.04","2022478465000"
"072710","농심홀딩스","KOSPI","서비스업","120500","500","0.42","558853695000"
"023590","다우기술","KOSPI","서비스업","18000","0","0.00","807599106000"
"020120","다우인큐브","KOSPI","서비스업","2965","-40","-1.33","46943507785"
"015590","대경기계","KOSPI","기계","1070","10","0.94","75691682300"
"019680","대교","KOSPI","서비스업","8130","-10","-0.12","688634170500"
"019685","대교우B","KOSPI","서비스업","5140","0","0.00","99854728600"
"006370","대구백화점","KOSPI","유통업","13900","100","0.72","150420392900"
"004130","대덕GDS","KOSPI","전기전자","12900","300","2.38","265425407700"
"004135","대덕GDS우","KOSPI","전기전자","7190","50","0.70","15530400000"
"008060","대덕전자","KOSPI","전기전자","8160","110","1.37","398177808000"
"000490","대동공업","KOSPI","기계","7150","30","0.42","169656701500"
"008110","대동전자","KOSPI","전기전자","4625","-20","-0.43","48518317375"
"005750","대림B&Co","KOSPI","비금속광물","8330","120","1.46","129128927760"
"000210","대림산업","KOSPI","건설업","87100","4400","5.32","3031080000000"
"000215","대림산업우","KOSPI","건설업","30700","950","3.19","116660000000"
"004440","대림씨엔에스","KOSPI","비금속광물","19700","200","1.03","250819355900"
"006570","대림통상","KOSPI","기계","6100","-110","-1.77","92872500000"
"001680","대상","KOSPI","음식료품","26400","-350","-1.31","908465580000"
"001689","대상3우B","KOSPI","음식료품","26900","0","0.00","6360505000"
"001685","대상우","KOSPI","음식료품","12850","-50","-0.39","17607365550"
"084690","대상홀딩스","KOSPI","서비스업","10300","-200","-1.90","372989141400"
"084695","대상홀딩스우","KOSPI","서비스업","7140","0","0.00","6522261480"
"128820","대성산업","KOSPI","유통업","4340","0","0.00","104541724700"
"117580","대성에너지","KOSPI","전기가스업","6400","50","0.79","176000000000"
"005620","대성합동지주","KOSPI","서비스업","42000","-150","-0.36","75561234000"
"016710","대성홀딩스","KOSPI","서비스업","10000","0","0.00","160894590000"
"003540","대신증권","KOSPI","증권","10400","-300","-2.80","528043360000"
"003547","대신증권2우B","KOSPI","증권","6790","0","0.00","67900000000"
"003545","대신증권우","KOSPI","증권","7300","20","0.27","189800000000"
"009190","대양금속","KOSPI","철강금속","4075","-165","-3.89","50195576975"
"014160","대영포장","KOSPI","종이목재","940","6","0.64","100189804120"
"047040","대우건설","KOSPI","건설업","5080","0","0.00","2111363001040"
"009320","대우부품","KOSPI","운수장비","1565","25","1.62","74566576875"
"042660","대우조선해양","KOSPI","운수장비","4480","0","0.00","1224900848640"
"003090","대웅","KOSPI","서비스업","44050","-300","-0.68","512230843800"
"069620","대웅제약","KOSPI","의약품","68700","-1600","-2.28","795997702500"
"000430","대원강업","KOSPI","운수장비","4480","-75","-1.65","277760000000"
"006340","대원전선","KOSPI","전기전자","1270","-15","-1.17","86496107170"
"006345","대원전선우","KOSPI","전기전자","3075","-85","-2.69","8060190000"
"003220","대원제약","KOSPI","의약품","19600","-150","-0.76","346557478400"
"024890","대원화성","KOSPI","화학","2600","10","0.39","107247795200"
"002880","대유에이텍","KOSPI","운수장비","1670","-35","-2.05","153279781000"
"000300","대유플러스","KOSPI","운수장비","945","4","0.43","83273897070"
"012800","대창","KOSPI","철강금속","997","0","0.00","90867077503"
"015230","대창단조","KOSPI","운수장비","48500","-850","-1.72","97000000000"
"001070","대한방직","KOSPI","섬유의복","89800","-1700","-1.86","95188000000"
"006650","대한유화","KOSPI","화학","275500","4500","1.66","1790750000000"
"001440","대한전선","KOSPI","전기전자","1855","5","0.27","1588757431695"
"084010","대한제강","KOSPI","철강금속","9510","-120","-1.25","234390440340"
"001790","대한제당","KOSPI","음식료품","24000","0","0.00","212160048000"
"001799","대한제당3우B","KOSPI","음식료품","20550","0","0.00","2664430800"
"001795","대한제당우","KOSPI","음식료품","12450","-50","-0.40","8071036200"
"001130","대한제분","KOSPI","음식료품","180000","500","0.28","304200000000"
"003490","대한항공","KOSPI","운수창고업","27350","-1050","-3.70","1992166998400"
"003495","대한항공우","KOSPI","운수창고업","12500","-50","-0.40","13884925000"
"005880","대한해운","KOSPI","운수창고업","17200","600","3.61","420135868800"
"003830","대한화섬","KOSPI","화학","104500","1000","0.97","138776000000"
"016090","대현","KOSPI","섬유의복","4165","90","2.21","188600821150"
"069460","대호에이엘","KOSPI","철강금속","1690","20","1.20","45857877910"
"012510","더존비즈온","KOSPI","서비스업","21450","350","1.66","636479415000"
"004830","덕성","KOSPI","화학","6400","0","0.00","100352000000"
"004835","덕성우","KOSPI","화학","2840","35","1.25","3953280000"
"024900","덕양산업","KOSPI","운수장비","1765","-20","-1.12","57477189700"
"008000","도레이케미칼","KOSPI","화학","19250","0","0.00","892504131750"
"002150","도화엔지니어링","KOSPI","서비스업","4885","30","0.62","164722200000"
"001620","동국실업","KOSPI","운수장비","2840","-55","-1.90","74790036800"
"001230","동국제강","KOSPI","철강금속","11050","-500","-4.33","1054163613100"
"023450","동남합성","KOSPI","화학","58200","-800","-1.36","87886306800"
"004140","동방","KOSPI","운수창고업","2045","45","2.25","66511518650"
"007590","동방아그로","KOSPI","화학","7310","100","1.39","99544487870"
"012030","동부","KOSPI","서비스업","734","10","1.38","133680718880"
"005960","동부건설","KOSPI","건설업","9970","0","0.00","207221315450"
"005965","동부건설우","KOSPI","건설업","18850","250","1.34","4255048200"
"016380","동부제철","KOSPI","철강금속","14550","150","1.04","363751775100"
"016385","동부제철우","KOSPI","철강금속","30600","850","2.86","4906220400"
"016610","동부증권","KOSPI","증권","3240","-110","-3.28","137526300360"
"000990","동부하이텍","KOSPI","전기전자","15900","250","1.60","705448528800"
"000995","동부하이텍1우","KOSPI","전기전자","29700","100","0.34","3335785200"
"005830","동부화재","KOSPI","보험","62500","-900","-1.42","4425000000000"
"083350","동북아10호","KOSPI","서비스업","4400","-20","-0.45","6976904000"
"083360","동북아11호","KOSPI","서비스업","4345","0","0.00","6889692700"
"083370","동북아12호","KOSPI","서비스업","4400","0","0.00","6976904000"
"083380","동북아13호","KOSPI","서비스업","4350","0","0.00","6897621000"
"083390","동북아14호","KOSPI","서비스업","4400","-5","-0.11","6976904000"
"026960","동서","KOSPI","유통업","27550","550","2.04","2746735000000"
"002210","동성제약","KOSPI","의약품","4190","45","1.09","93875927640"
"102260","동성코퍼레이션","KOSPI","서비스업","6200","-100","-1.59","281758814000"
"005190","동성화학","KOSPI","화학","19350","-50","-0.26","102651421050"
"000640","동아쏘시오홀딩스","KOSPI","서비스업","156500","-6000","-3.69","946873984500"
"058730","동아에스텍","KOSPI","기계","6180","-70","-1.12","94986600000"
"170900","동아에스티","KOSPI","의약품","105500","-2500","-2.31","890828074000"
"028100","동아지질","KOSPI","건설업","9600","-160","-1.64","110400000000"
"007340","동아타이어","KOSPI","화학","24900","200","0.81","590802798000"
"001520","동양","KOSPI","비금속광물","2985","-55","-1.81","712471928055"
"001527","동양2우B","KOSPI","비금속광물","12800","-200","-1.54","3949683200"
"001529","동양3우B","KOSPI","비금속광물","23250","150","0.65","2086036500"
"084670","동양고속","KOSPI","운수창고업","37100","150","0.41","98389200000"
"030790","동양네트웍스","KOSPI","서비스업","1115","0","0.00","58798795790"
"002900","동양물산","KOSPI","기계","3790","-270","-6.65","247823931000"
"082640","동양생명","KOSPI","보험","12700","-500","-3.79","1366169353000"
"001525","동양우","KOSPI","비금속광물","14300","0","0.00","8833553300"
"008970","동양철관","KOSPI","철강금속","1265","5","0.40","108263819455"
"003580","동원","KOSPI","광업","43750","150","0.34","55943868750"
"049770","동원F&B","KOSPI","음식료품","198000","-2000","-1.00","764106552000"
"018500","동원금속","KOSPI","운수장비","3445","15","0.44","120997098625"
"006040","동원산업","KOSPI","농업, 임업 및 어업","363500","8500","2.39","1222523200000"
"030720","동원수산","KOSPI","농업, 임업 및 어업","9700","-80","-0.82","39378207300"
"014820","동원시스템즈","KOSPI","화학","59700","-1100","-1.81","1437549373800"
"014825","동원시스템즈우","KOSPI","화학","26900","100","0.37","7138130200"
"163560","동일고무벨트","KOSPI","화학","12100","-450","-3.59","148467000000"
"001530","동일방직","KOSPI","섬유의복","59900","0","0.00","137429228900"
"004890","동일산업","KOSPI","철강금속","83400","200","0.24","202262931000"
"002690","동일제강","KOSPI","철강금속","3765","45","1.21","56475000000"
"000020","동화약품","KOSPI","의약품","8120","-10","-0.12","226803536400"
"000150","두산","KOSPI","서비스업","105000","-4000","-3.67","2233443240000"
"000157","두산2우B","KOSPI","서비스업","66200","0","0.00","65252347000"
"011160","두산건설","KOSPI","건설업","3690","20","0.54","225506025360"
"241560","두산밥캣","KOSPI","서비스업","35850","250","0.70","3593932601100"
"082740","두산엔진","KOSPI","기계","3285","-45","-1.35","228307500000"
"000155","두산우","KOSPI","서비스업","65300","-900","-1.36","288043132200"
"042670","두산인프라코어","KOSPI","기계","8820","-150","-1.67","1829755869480"
"034020","두산중공업","KOSPI","기계","27200","-550","-1.98","2887504563200"
"016740","두올","KOSPI","운수장비","4625","-30","-0.64","82119187500"
"024090","디씨엠","KOSPI","철강금속","12650","-50","-0.39","148005000000"
"003160","디아이","KOSPI","의료정밀","4705","5","0.11","148192373425"
"092200","디아이씨","KOSPI","운수장비","9660","330","3.54","209622000000"
"013570","디와이","KOSPI","서비스업","7090","-30","-0.42","186606197970"
"210540","디와이파워","KOSPI","기계","9280","60","0.65","102467050240"
"026890","디피씨","KOSPI","전기전자","3680","15","0.41","153375684000"
"115390","락앤락","KOSPI","화학","14500","-200","-1.36","797500000000"
"032350","롯데관광개발","KOSPI","서비스업","7360","0","0.00","334107369280"
"000400","롯데손해보험","KOSPI","보험","2410","0","0.00","323614800000"
"023530","롯데쇼핑","KOSPI","유통업","221500","0","0.00","6975232578000"
"004000","롯데정밀화학","KOSPI","화학","30650","50","0.16","790770000000"
"004990","롯데제과","KOSPI","음식료품","178500","1500","0.85","2537199000000"
"005300","롯데칠성","KOSPI","음식료품","1460000","23000","1.60","1806316380000"
"005305","롯데칠성우","KOSPI","음식료품","710000","19000","2.75","85200000000"
"011170","롯데케미칼","KOSPI","화학","369000","5500","1.51","12647629611000"
"002270","롯데푸드","KOSPI","음식료품","649000","-1000","-0.15","888763964000"
"071840","롯데하이마트","KOSPI","유통업","42200","-150","-0.35","996245446400"
"027740","마니커","KOSPI","음식료품","894","37","4.32","104352576438"
"204320","만도","KOSPI","운수장비","234500","0","0.00","2202288928000"
"001080","만호제강","KOSPI","철강금속","19300","300","1.58","80095000000"
"088980","맥쿼리인프라","KOSPI","기타금융","8150","-120","-1.45","2701393629150"
"094800","맵스리얼티1","KOSPI","기타금융","3970","-10","-0.25","368552294070"
"138040","메리츠금융지주","KOSPI","기타금융","11100","-100","-0.89","1586032579800"
"008560","메리츠종금증권","KOSPI","증권","3460","-20","-0.57","1718369327640"
"000060","메리츠화재","KOSPI","보험","15300","-250","-1.61","1688171400000"
"017180","명문제약","KOSPI","의약품","5370","0","0.00","124691400000"
"012690","모나리자","KOSPI","종이목재","6840","160","2.40","250147384200"
"005360","모나미","KOSPI","유통업","4250","-35","-0.82","80313554750"
"204210","모두투어리츠","KOSPI","서비스업","4715","-10","-0.21","36903432725"
"009680","모토닉","KOSPI","운수장비","9250","40","0.43","305250000000"
"009580","무림P&P","KOSPI","종이목재","4050","-35","-0.86","252591712200"
"009200","무림페이퍼","KOSPI","종이목재","2650","10","0.38","110264671500"
"033920","무학","KOSPI","음식료품","22850","-350","-1.51","651225000000"
"008420","문배철강","KOSPI","철강금속","2735","-30","-1.08","56077086175"
"025560","미래산업","KOSPI","의료정밀","283","-3","-1.05","173467753014"
"007120","미래아이앤지","KOSPI","서비스업","1355","20","1.50","81662892035"
"006800","미래에셋대우","KOSPI","증권","7240","-50","-0.69","2365314450840"
"006805","미래에셋대우우","KOSPI","증권","5440","-20","-0.37","76572080000"
"085620","미래에셋생명","KOSPI","보험","5150","0","0.00","747677000000"
"037620","미래에셋증권","KOSPI","증권","20500","0","0.00","2342860355500"
"002840","미원상사","KOSPI","화학","209500","-7500","-3.46","184570757000"
"107590","미원에스씨","KOSPI","화학","449500","2500","0.56","316736129500"
"134380","미원화학","KOSPI","화학","69500","0","0.00","154147664000"
"003650","미창석유","KOSPI","화학","94600","900","0.96","164572971200"
"155900","바다로19호","KOSPI","서비스업","2940","35","1.20","44688011760"
"003610","방림","KOSPI","섬유의복","22550","-300","-1.31","95418272950"
"001340","백광산업","KOSPI","화학","1985","-5","-0.25","89163037895"
"014580","백광소재","KOSPI","비금속광물","2890","-70","-2.36","79715159000"
"035150","백산","KOSPI","화학","9480","90","0.96","229416000000"
"002410","범양건영","KOSPI","건설업","13250","-50","-0.38","62976282750"
"096300","베트남개발1","KOSPI","기타금융","506","-2","-0.39","62572897112"
"007210","벽산","KOSPI","비금속광물","4660","-10","-0.21","319489600000"
"002760","보락","KOSPI","화학","5780","50","0.87","69244400000"
"003850","보령제약","KOSPI","의약품","62000","900","1.47","522660000000"
"004740","보루네오","KOSPI","기타제조업","1615","0","0.00","64577536965"
"000890","보해양조","KOSPI","음식료품","1325","-60","-4.33","126989237550"
"003000","부광약품","KOSPI","의약품","26400","600","2.33","987030554400"
"001270","부국증권","KOSPI","증권","18800","0","0.00","194953856800"
"001275","부국증권우","KOSPI","증권","18950","50","0.26","56850000000"
"026940","부국철강","KOSPI","철강금속","3060","-10","-0.33","61200000000"
"015350","부산가스","KOSPI","전기가스업","35650","200","0.56","392150000000"
"011390","부산산업","KOSPI","비금속광물","39550","-650","-1.62","41764800000"
"005030","부산주공","KOSPI","운수장비","3230","-100","-3.00","72998000000"
"100220","비상교육","KOSPI","서비스업","15900","750","4.95","206648181900"
"005180","빙그레","KOSPI","음식료품","63800","200","0.31","628509175800"
"003960","사조대림","KOSPI","음식료품","18100","-300","-1.63","107886407500"
"008040","사조동아원","KOSPI","음식료품","1650","25","1.54","107547575850"
"007160","사조산업","KOSPI","농업, 임업 및 어업","63900","-400","-0.62","319500000000"
"014710","사조씨푸드","KOSPI","음식료품","7320","-50","-0.68","126039734760"
"006090","사조오양","KOSPI","농업, 임업 및 어업","13650","-200","-1.44","128620387350"
"079660","사조해표","KOSPI","음식료품","12300","-100","-0.81","88068000000"
"005090","삼광글라스","KOSPI","비금속광물","67000","800","1.21","325246006000"
"001470","삼부토건","KOSPI","건설업","5290","190","3.73","51621909550"
"006400","삼성SDI","KOSPI","전기전자","109000","1500","1.40","7495333770000"
"006405","삼성SDI우","KOSPI","전기전자","54600","400","0.74","88337121600"
"006660","삼성공조","KOSPI","운수장비","11350","50","0.44","92233663900"
"028260","삼성물산","KOSPI","유통업","125500","0","0.00","23806100396500"
"02826K","삼성물산우B","KOSPI","유통업","87900","0","0.00","143051976000"
"207940","삼성바이오로직스","KOSPI","의약품","151000","-1000","-0.66","9990915000000"
"032830","삼성생명","KOSPI","보험","112500","-1000","-0.88","22500000000000"
"018260","삼성에스디에스","KOSPI","서비스업","139500","2000","1.45","10794203100000"
"028050","삼성엔지니어링","KOSPI","서비스업","10300","-150","-1.44","2018800000000"
"009150","삼성전기","KOSPI","전기전자","50800","400","0.79","3794439756800"
"009155","삼성전기우","KOSPI","전기전자","26650","200","0.76","77471123600"
"005930","삼성전자","KOSPI","전기전자","1802000","14000","0.78","253504165274000"
"005935","삼성전자우","KOSPI","전기전자","1433000","9000","0.63","29395740891000"
"001360","삼성제약","KOSPI","의약품","4185","-5","-0.12","166201290450"
"010140","삼성중공업","KOSPI","운수장비","9250","-130","-1.39","3607500000000"
"010145","삼성중공우","KOSPI","운수장비","34800","300","0.87","3996606000"
"016360","삼성증권","KOSPI","증권","31700","-150","-0.47","2422994730500"
"068290","삼성출판사","KOSPI","서비스업","11150","0","0.00","111500000000"
"029780","삼성카드","KOSPI","기타금융","39700","-1500","-3.64","4599597972700"
"000810","삼성화재","KOSPI","보험","268500","-2500","-0.92","12720143734500"
"000815","삼성화재우","KOSPI","보험","182000","-1000","-0.55","580944000000"
"006110","삼아알미늄","KOSPI","철강금속","4000","10","0.25","44000000000"
"145990","삼양사","KOSPI","음식료품","105000","-500","-0.47","1080429315000"
"145995","삼양사우","KOSPI","음식료품","52400","-200","-0.38","19391668000"
"003230","삼양식품","KOSPI","음식료품","40550","-550","-1.34","305463758250"
"002170","삼양통상","KOSPI","기타제조업","53200","100","0.19","159600000000"
"000070","삼양홀딩스","KOSPI","서비스업","119500","-2000","-1.65","1023430384500"
"000075","삼양홀딩스우","KOSPI","서비스업","63800","300","0.47","19398900400"
"002810","삼영무역","KOSPI","유통업","17650","-200","-1.12","290635895950"
"005680","삼영전자","KOSPI","전기전자","12150","-300","-2.41","243000000000"
"003720","삼영화학","KOSPI","화학","1570","50","3.29","53380000000"
"023000","삼원강재","KOSPI","운수장비","3520","-5","-0.14","140800000000"
"004380","삼익THK","KOSPI","기계","10800","-50","-0.46","226800000000"
"002450","삼익악기","KOSPI","기타제조업","2565","-30","-1.16","215111798685"
"000520","삼일제약","KOSPI","의약품","8410","-50","-0.59","46255000000"
"009770","삼정펄프","KOSPI","종이목재","44800","-100","-0.22","111998700800"
"005500","삼진제약","KOSPI","의약품","34750","150","0.43","483025000000"
"004690","삼천리","KOSPI","전기가스업","101500","500","0.50","411585037500"
"001880","삼호","KOSPI","건설업","16900","200","1.20","256538045400"
"010960","삼호개발","KOSPI","건설업","3500","0","0.00","87500000000"
"004450","삼화왕관","KOSPI","기계","45100","300","0.67","97162492900"
"009470","삼화전기","KOSPI","전기전자","5550","10","0.18","36706701000"
"011230","삼화전자","KOSPI","전기전자","2000","30","1.52","28547640000"
"001820","삼화콘덴서","KOSPI","전기전자","10700","100","0.94","111226500000"
"000390","삼화페인트","KOSPI","화학","9910","-40","-0.40","251601759340"
"041650","상신브레이크","KOSPI","운수장비","6790","40","0.59","145791145500"
"075180","새론오토모티브","KOSPI","운수장비","8320","10","0.12","159744000000"
"007540","샘표","KOSPI","음식료품","36750","0","0.00","79374744750"
"248170","샘표식품","KOSPI","음식료품","30600","300","0.99","139789551600"
"007860","서연","KOSPI","서비스업","10700","0","0.00","251234330800"
"200880","서연이화","KOSPI","운수장비","14000","-250","-1.75","378398118000"
"017390","서울가스","KOSPI","전기가스업","82200","-300","-0.36","411000000000"
"004410","서울식품","KOSPI","음식료품","3855","0","0.00","52028622000"
"004415","서울식품우","KOSPI","음식료품","39250","200","0.51","3492465000"
"021050","서원","KOSPI","철강금속","2000","-40","-1.96","94949180000"
"008490","서흥","KOSPI","화학","37150","100","0.27","429792547950"
"007610","선도전기","KOSPI","전기전자","4395","5","0.11","79110000000"
"136490","선진","KOSPI","음식료품","27900","200","0.72","227106000000"
"002820","선창산업","KOSPI","종이목재","10500","-250","-2.33","132383884500"
"014910","성문전자","KOSPI","전기전자","10200","-200","-1.92","168853951800"
"014915","성문전자우","KOSPI","전기전자","31500","-600","-1.87","18900000000"
"003080","성보화학","KOSPI","화학","5660","-240","-4.07","113313200000"
"004980","성신양회","KOSPI","비금속광물","6990","-80","-1.13","167819289180"
"004987","성신양회2우B","KOSPI","비금속광물","7920","-50","-0.63","1747888560"
"004989","성신양회3우B","KOSPI","비금속광물","7740","-10","-0.13","2220590520"
"004985","성신양회우","KOSPI","비금속광물","4900","95","1.98","3604660500"
"011300","성안","KOSPI","섬유의복","911","4","0.44","51797510460"
"005980","성지건설","KOSPI","건설업","1940","35","1.84","189114381600"
"000180","성창기업지주","KOSPI","서비스업","3180","0","0.00","221810088000"
"002420","세기상사","KOSPI","서비스업","59200","200","0.34","24129446400"
"004360","세방","KOSPI","운수창고업","15150","-50","-0.33","292526653500"
"004365","세방우","KOSPI","운수창고업","8000","0","0.00","29514000000"
"004490","세방전지","KOSPI","전기전자","37400","-100","-0.27","523600000000"
"001430","세아베스틸","KOSPI","철강금속","25550","-50","-0.20","916277140450"
"003030","세아제강","KOSPI","철강금속","92600","0","0.00","555600000000"
"019440","세아특수강","KOSPI","철강금속","22500","-200","-0.88","192825000000"
"058650","세아홀딩스","KOSPI","서비스업","129000","500","0.39","516000000000"
"013000","세우글로벌","KOSPI","유통업","2220","0","0.00","52593365100"
"091090","세원셀론텍","KOSPI","기계","2945","10","0.34","178446909210"
"021820","세원정공","KOSPI","운수장비","17650","300","1.73","176500000000"
"067830","세이브존I&C","KOSPI","유통업","5260","10","0.19","215875107700"
"033530","세종공업","KOSPI","운수장비","9470","120","1.28","189915452100"
"075580","세진중공업","KOSPI","운수장비","3125","-85","-2.65","119758500000"
"027970","세하","KOSPI","종이목재","2160","15","0.70","42513595200"
"145210","세화아이엠씨","KOSPI","기계","6330","0","0.00","75217111200"
"004430","송원산업","KOSPI","화학","17100","50","0.29","410400000000"
"017550","수산중공업","KOSPI","기계","2015","-10","-0.49","108780103445"
"002200","수출포장","KOSPI","종이목재","17900","200","1.13","71600000000"
"003060","슈넬생명과학","KOSPI","의약품","3915","15","0.38","316625417505"
"053210","스카이라이프","KOSPI","서비스업","17300","-250","-1.42","827320011800"
"016590","신대양제지","KOSPI","종이목재","24300","-200","-0.82","94022459100"
"029530","신도리코","KOSPI","전기전자","54900","-900","-1.61","553393592100"
"004970","신라교역","KOSPI","농업, 임업 및 어업","14450","0","0.00","231200000000"
"011930","신성솔라에너지","KOSPI","전기전자","2210","45","2.08","222162018000"
"104120","신성에프에이","KOSPI","기계","3595","0","0.00","63725911890"
"104110","신성이엔지","KOSPI","기계","3590","0","0.00","69481376960"
"005390","신성통상","KOSPI","유통업","1245","25","2.05","178916945550"
"004170","신세계","KOSPI","유통업","176000","0","0.00","1732751856000"
"035510","신세계 I&C","KOSPI","서비스업","73200","-200","-0.27","125904000000"
"034300","신세계건설","KOSPI","건설업","44050","-300","-0.68","176200000000"
"031430","신세계인터내셔날","KOSPI","유통업","66200","800","1.22","472668000000"
"031440","신세계푸드","KOSPI","서비스업","147500","2000","1.37","571190800000"
"006880","신송홀딩스","KOSPI","서비스업","6520","20","0.31","77124154160"
"005800","신영와코루","KOSPI","섬유의복","171500","3000","1.78","154350000000"
"001720","신영증권","KOSPI","증권","50000","350","0.70","469311850000"
"001725","신영증권우","KOSPI","증권","46750","100","0.21","329763420250"
"009270","신원","KOSPI","섬유의복","1595","20","1.27","100968875150"
"009275","신원우","KOSPI","섬유의복","19600","200","1.03","1778504000"
"002700","신일산업","KOSPI","유통업","1810","-90","-4.74","128596013010"
"019170","신풍제약","KOSPI","의약품","5950","40","0.68","315260690500"
"019175","신풍제약우","KOSPI","의약품","4045","10","0.25","8899000000"
"002870","신풍제지","KOSPI","종이목재","9350","60","0.65","32686384500"
"005450","신한","KOSPI","건설업","5390","50","0.94","37853102210"
"055550","신한지주","KOSPI","기타금융","45250","-500","-1.09","21457531311750"
"001770","신화실업","KOSPI","철강금속","26150","0","0.00","31769059700"
"004080","신흥","KOSPI","유통업","10300","200","1.98","98880000000"
"102280","쌍방울","KOSPI","섬유의복","2040","25","1.24","263413394520"
"047400","쌍용머티리얼","KOSPI","비금속광물","2950","-120","-3.91","123900000000"
"003410","쌍용양회","KOSPI","비금속광물","14800","150","1.02","1294687261200"
"003419","쌍용양회3우B","KOSPI","비금속광물","15200","100","0.66","2413836000"
"003415","쌍용양회우","KOSPI","비금속광물","12100","-250","-2.02","3735717700"
"003620","쌍용차","KOSPI","운수장비","7890","10","0.13","1082666557440"
"004770","써니전자","KOSPI","전기전자","4060","120","3.05","119027588400"
"004920","씨아이테크","KOSPI","유통업","844","-5","-0.59","37800682072"
"112610","씨에스윈드","KOSPI","기계","17550","0","0.00","303364298250"
"008700","아남전자","KOSPI","전기전자","1145","0","0.00","88307918900"
"002790","아모레G","KOSPI","서비스업","133000","3000","2.31","10966937940000"
"002795","아모레G우","KOSPI","서비스업","55100","1100","2.04","355051727000"
"090430","아모레퍼시픽","KOSPI","화학","321500","5000","1.58","18794404535000"
"090435","아모레퍼시픽우","KOSPI","화학","205500","8000","4.05","2169634065000"
"090370","아비스타","KOSPI","섬유의복","834","32","3.99","46011619872"
"002030","아세아","KOSPI","서비스업","103000","-500","-0.48","225675472000"
"183190","아세아시멘트","KOSPI","비금속광물","72700","-200","-0.27","239605314300"
"002310","아세아제지","KOSPI","종이목재","18300","50","0.27","163903986600"
"083570","아시아10호","KOSPI","서비스업","4765","15","0.32","12426667325"
"083580","아시아11호","KOSPI","서비스업","4745","45","0.96","12374509225"
"083590","아시아12호","KOSPI","서비스업","4745","45","0.96","12374509225"
"083600","아시아13호","KOSPI","서비스업","4760","-5","-0.10","12413627800"
"083610","아시아14호","KOSPI","서비스업","5050","0","0.00","9828279700"
"083620","아시아15호","KOSPI","서비스업","5040","0","0.00","9810778320"
"020560","아시아나항공","KOSPI","운수창고업","4220","-45","-1.06","866092940680"
"122900","아이마켓코리아","KOSPI","유통업","10400","-100","-0.95","373810736000"
"010780","아이에스동서","KOSPI","비금속광물","44550","-600","-1.33","1368454779450"
"039570","아이콘트롤스","KOSPI","건설업","30050","250","0.84","247311500000"
"033660","아주캐피탈","KOSPI","기타금융","6970","-40","-0.57","401094853300"
"101140","아티스","KOSPI","유통업","2050","45","2.24","41055926050"
"001780","알루코","KOSPI","철강금속","5350","-30","-0.56","398703945700"
"002250","알보젠코리아","KOSPI","의약품","23700","-300","-1.25","281032751400"
"007630","암니스","KOSPI","전기전자","3920","-30","-0.76","66565923760"
"161000","애경유화","KOSPI","화학","12600","-150","-1.18","403704000000"
"011090","에넥스","KOSPI","기타제조업","2345","15","0.64","140680398145"
"005850","에스엘","KOSPI","운수장비","21550","150","0.70","729792689500"
"012750","에스원","KOSPI","서비스업","87700","-300","-0.34","3332527910600"
"023960","에쓰씨엔지니어링","KOSPI","건설업","4730","-235","-4.73","48137124860"
"078520","에이블씨엔씨","KOSPI","화학","20700","-600","-2.82","318339441900"
"015260","에이엔피","KOSPI","전기전자","2780","0","0.00","134524027640"
"036570","엔씨소프트","KOSPI","서비스업","247500","2000","0.81","5427432945000"
"138250","엔에스쇼핑","KOSPI","유통업","153500","-500","-0.32","517233600000"
"085310","엔케이","KOSPI","기계","2895","-35","-1.19","141806804040"
"229640","엘에스전선아시아","KOSPI","서비스업","5660","80","1.43","173336815140"
"069640","엠케이트렌드","KOSPI","유통업","13300","150","1.14","171693982600"
"014440","영보화학","KOSPI","화학","6490","380","6.22","129800000000"
"111770","영원무역","KOSPI","유통업","30650","600","2.00","1358146494200"
"009970","영원무역홀딩스","KOSPI","서비스업","59500","-900","-1.49","811317724000"
"003520","영진약품","KOSPI","의약품","8820","0","0.00","1566608400000"
"000670","영풍","KOSPI","철강금속","1064000","10000","0.95","1959930560000"
"006740","영풍제지","KOSPI","종이목재","3065","45","1.49","68043000000"
"012280","영화금속","KOSPI","운수장비","1905","-15","-0.78","86584166430"
"012160","영흥철강","KOSPI","철강금속","1575","-20","-1.25","135176751675"
"015360","예스코","KOSPI","전기가스업","37100","450","1.23","222600000000"
"007310","오뚜기","KOSPI","음식료품","662000","-2000","-0.30","2277280000000"
"002630","오리엔트바이오","KOSPI","의약품","1675","-10","-0.59","269776913700"
"001800","오리온","KOSPI","음식료품","655000","7000","1.08","3935524925000"
"010600","와이비로드","KOSPI","유통업","2005","-10","-0.50","30576017420"
"070960","용평리조트","KOSPI","서비스업","8580","170","2.02","412983997140"
"004720","우리들제약","KOSPI","의약품","17250","-100","-0.58","173453787000"
"118000","우리들휴브레인","KOSPI","유통업","10900","100","0.93","200877702300"
"000030","우리은행","KOSPI","은행","12750","-100","-0.78","8619000000000"
"010050","우리종금","KOSPI","기타금융","685","20","3.01","324829333110"
"006980","우성사료","KOSPI","음식료품","3260","40","1.24","100734000000"
"017370","우신시스템","KOSPI","기계","3765","35","0.94","68806233420"
"105840","우진","KOSPI","의료정밀","6800","-50","-0.73","118048000000"
"049800","우진플라임","KOSPI","기계","7970","-30","-0.38","79700000000"
"016880","웅진","KOSPI","서비스업","2825","-10","-0.35","169700343350"
"095720","웅진씽크빅","KOSPI","서비스업","9310","-20","-0.21","322323046150"
"103130","웅진에너지","KOSPI","전기전자","4735","25","0.53","108382819465"
"005820","원림","KOSPI","섬유의복","22850","-350","-1.51","50270000000"
"008600","윌비스","KOSPI","유통업","3185","105","3.41","181545000000"
"033270","유나이티드제약","KOSPI","의약품","18500","-100","-0.54","299835457000"
"014830","유니드","KOSPI","화학","44700","-350","-0.78","397375982100"
"000910","유니온","KOSPI","비금속광물","4010","-20","-0.50","62602592190"
"011330","유니켐","KOSPI","기타제조업","1585","-20","-1.25","80803710515"
"077500","유니퀘스트","KOSPI","유통업","7330","310","4.42","198200920370"
"002920","유성기업","KOSPI","운수장비","4435","0","0.00","115077162500"
"000700","유수홀딩스","KOSPI","서비스업","5720","-30","-0.52","148959164640"
"003470","유안타증권","KOSPI","증권","3135","10","0.32","625675258725"
"003475","유안타증권우","KOSPI","증권","2240","0","0.00","28923354880"
"011690","유양디앤유","KOSPI","전기전자","3410","0","0.00","157351957290"
"072130","유엔젤","KOSPI","서비스업","5080","50","0.99","67032906320"
"000220","유유제약","KOSPI","의약품","9290","-70","-0.75","57239461740"
"000225","유유제약1우","KOSPI","의약품","6180","-10","-0.16","7004813700"
"000227","유유제약2우B","KOSPI","의약품","12500","-50","-0.40","2051000000"
"001200","유진투자증권","KOSPI","증권","2435","20","0.83","235869727830"
"000100","유한양행","KOSPI","의약품","199500","0","0.00","2224932927000"
"000105","유한양행우","KOSPI","의약품","162000","-500","-0.31","38262456000"
"003460","유화증권","KOSPI","증권","15350","0","0.00","174076414050"
"003465","유화증권우","KOSPI","증권","14400","0","0.00","50332104000"
"008730","율촌화학","KOSPI","화학","14050","50","0.36","348440000000"
"008250","이건산업","KOSPI","종이목재","11350","350","3.18","106389508750"
"025820","이구산업","KOSPI","철강금속","2440","-40","-1.61","81598480000"
"214320","이노션","KOSPI","서비스업","57100","-200","-0.35","1142000000000"
"139480","이마트","KOSPI","유통업","183000","1000","0.55","5101274877000"
"007660","이수페타시스","KOSPI","전기전자","4240","-35","-0.82","174978007520"
"005950","이수화학","KOSPI","화학","16300","-50","-0.31","249031400000"
"015020","이스타코","KOSPI","서비스업","1755","-30","-1.68","75204558000"
"093230","이아이디","KOSPI","유통업","711","-13","-1.80","51682713714"
"074610","이엔쓰리","KOSPI","기계","2640","-45","-1.68","46639171920"
"102460","이연제약","KOSPI","의약품","29100","50","0.17","375390000000"
"084680","이월드","KOSPI","서비스업","2485","570","29.77","224917094045"
"000760","이화산업","KOSPI","유통업","19300","-200","-1.03","54040000000"
"014990","인디에프","KOSPI","섬유의복","1760","5","0.28","103722071200"
"006490","인스코비","KOSPI","유통업","1705","10","0.59","143315868740"
"023800","인지컨트롤스","KOSPI","운수장비","5140","50","0.98","77923057920"
"034590","인천도시가스","KOSPI","전기가스업","30950","-250","-0.80","135398636300"
"129260","인터지스","KOSPI","운수창고업","3830","-30","-0.78","113934357420"
"023810","인팩","KOSPI","운수장비","6690","-10","-0.15","66900000000"
"249420","일동제약","KOSPI","의약품","19000","400","2.15","339059807000"
"000230","일동홀딩스","KOSPI","의약품","25800","-200","-0.77","186348549600"
"013360","일성건설","KOSPI","건설업","8800","-130","-1.46","46995203200"
"013367","일성건설2우B","KOSPI","건설업","41200","-1700","-3.96","2559508800"
"003120","일성신약","KOSPI","의약품","123000","1500","1.23","327180000000"
"003200","일신방직","KOSPI","섬유의복","123500","-2500","-1.98","296400000000"
"007110","일신석재","KOSPI","유통업","1385","5","0.36","107277404850"
"007570","일양약품","KOSPI","의약품","41650","100","0.24","793265233600"
"007575","일양약품우","KOSPI","의약품","25200","-150","-0.59","11216016000"
"008500","일정실업","KOSPI","섬유의복","29150","0","0.00","34980000000"
"081000","일진다이아","KOSPI","화학","8910","-60","-0.67","100486757250"
"020760","일진디스플","KOSPI","전기전자","5190","-80","-1.52","146951943600"
"020150","일진머티리얼즈","KOSPI","전기전자","13950","0","0.00","546840000000"
"103590","일진전기","KOSPI","전기전자","4985","40","0.81","184845744150"
"015860","일진홀딩스","KOSPI","서비스업","6460","120","1.89","318784740180"
"226320","잇츠스킨","KOSPI","유통업","43000","650","1.53","751265900000"
"033240","자화전자","KOSPI","전기전자","17050","-150","-0.87","305195000000"
"000950","전방","KOSPI","섬유의복","26200","-400","-1.50","44016000000"
"194370","제이에스코퍼레이션","KOSPI","기타제조업","16500","-450","-2.65","217091341500"
"025620","제이준","KOSPI","기타제조업","6300","450","7.69","339272167500"
"030000","제일기획","KOSPI","서비스업","15750","-400","-2.48","1811899293750"
"002620","제일약품","KOSPI","의약품","80700","2000","2.54","1198395000000"
"001560","제일연마","KOSPI","비금속광물","6230","50","0.81","62300000000"
"006220","제주은행","KOSPI","은행","7640","10","0.13","169063833360"
"089590","제주항공","KOSPI","운수창고업","25100","-600","-2.33","659985875800"
"004910","조광페인트","KOSPI","화학","11350","-50","-0.44","145280000000"
"004700","조광피혁","KOSPI","기타제조업","42650","200","0.47","283585735700"
"001550","조비","KOSPI","화학","12500","150","1.21","54895462500"
"000480","조선내화","KOSPI","비금속광물","85700","-100","-0.12","342800000000"
"120030","조선선재","KOSPI","기계","72600","1200","1.68","91305462600"
"018470","조일알미늄","KOSPI","철강금속","1625","0","0.00","113100000000"
"002600","조흥","KOSPI","음식료품","183000","3000","1.67","109800000000"
"185750","종근당","KOSPI","의약품","104500","-2500","-2.34","983245725000"
"063160","종근당바이오","KOSPI","의약품","23550","-150","-0.63","123154465950"
"001630","종근당홀딩스","KOSPI","서비스업","68900","-100","-0.14","345179422900"
"044380","주연테크","KOSPI","전기전자","1270","15","1.20","73759708970"
"900050","중국원양자원","KOSPI","서비스업","1280","0","0.00","125259992320"
"013870","지엠비코리아","KOSPI","운수장비","4950","30","0.61","94407786000"
"071320","지역난방공사","KOSPI","전기가스업","68100","-1100","-1.59","788512466400"
"010580","지코","KOSPI","운수장비","1055","5","0.48","46498014085"
"035000","지투알","KOSPI","서비스업","8170","70","0.86","135355731530"
"088790","진도","KOSPI","유통업","5460","70","1.30","67964682240"
"003780","진양산업","KOSPI","화학","4430","-50","-1.12","57590000000"
"010640","진양폴리","KOSPI","화학","2345","-55","-2.29","23450000000"
"100250","진양홀딩스","KOSPI","서비스업","3350","25","0.75","187249228200"
"051630","진양화학","KOSPI","화학","3750","-25","-0.66","45000000000"
"011000","진원생명과학","KOSPI","유통업","11750","-250","-2.08","189703315250"
"002780","진흥기업","KOSPI","건설업","2090","20","0.97","318854975010"
"002787","진흥기업2우B","KOSPI","건설업","7790","-10","-0.13","2296554320"
"002785","진흥기업우B","KOSPI","건설업","3465","-65","-1.84","2970260370"
"009310","참엔지니어링","KOSPI","기계","2670","50","1.91","131337187860"
"000650","천일고속","KOSPI","운수창고업","90600","-700","-0.77","129487332000"
"012600","청호컴넷","KOSPI","기계","4745","65","1.39","39745790240"
"033250","체시스","KOSPI","운수장비","1405","-20","-1.40","33720000000"
"006380","카프로","KOSPI","화학","6800","300","4.62","272000000000"
"029460","케이씨텍","KOSPI","의료정밀","16100","500","3.21","537633482400"
"145270","케이탑리츠","KOSPI","서비스업","2545","35","1.39","103411366750"
"058860","케이티스","KOSPI","서비스업","3700","60","1.65","128767400000"
"900140","코라오홀딩스","KOSPI","서비스업","8020","-10","-0.12","383913454160"
"090970","코리아01호","KOSPI","서비스업","740","60","8.82","1621399200"
"090980","코리아02호","KOSPI","서비스업","536","1","0.19","1174418880"
"090990","코리아03호","KOSPI","서비스업","445","0","0.00","975030600"
"091000","코리아04호","KOSPI","서비스업","416","-6","-1.42","911489280"
"007815","코리아써우","KOSPI","전기전자","4380","20","0.46","12985342200"
"007810","코리아써키트","KOSPI","전기전자","11350","500","4.61","268095523850"
"00781K","코리아써키트2우B","KOSPI","전기전자","5490","110","2.04","4302507510"
"152330","코리아오토글라스","KOSPI","비금속광물","16000","50","0.31","320000000000"
"003690","코리안리","KOSPI","보험","11400","-100","-0.87","1372207922400"
"192820","코스맥스","KOSPI","화학","119500","500","0.42","1075441325500"
"044820","코스맥스비티아이","KOSPI","서비스업","37400","950","2.61","359186645400"
"005070","코스모신소재","KOSPI","화학","5160","165","3.30","77802314880"
"005420","코스모화학","KOSPI","화학","4050","10","0.25","53980198200"
"071950","코아스","KOSPI","기타제조업","1625","-25","-1.52","50224216250"
"002020","코오롱","KOSPI","서비스업","58600","-200","-0.34","706785441000"
"003070","코오롱글로벌","KOSPI","건설업","11200","200","1.82","185584985600"
"003075","코오롱글로벌우","KOSPI","건설업","10850","-50","-0.46","3393912550"
"144620","코오롱머티리얼","KOSPI","화학","10300","50","0.49","92700000000"
"002025","코오롱우","KOSPI","서비스업","25200","-650","-2.51","27125028000"
"120110","코오롱인더","KOSPI","화학","74000","-700","-0.94","1861203748000"
"120115","코오롱인더우","KOSPI","화학","31600","-50","-0.16","87464376000"
"138490","코오롱플라스틱","KOSPI","화학","6560","-10","-0.15","249280000000"
"021240","코웨이","KOSPI","서비스업","88300","300","0.34","6744399297900"
"031820","콤텍시스템","KOSPI","서비스업","1460","55","3.91","46503140360"
"192400","쿠쿠전자","KOSPI","전기전자","129000","-1000","-0.77","1264633440000"
"005740","크라운제과","KOSPI","음식료품","28100","-750","-2.60","414060244000"
"005745","크라운제우","KOSPI","음식료품","16400","0","0.00","14926460000"
"039490","키움증권","KOSPI","증권","72000","600","0.84","1591181280000"
"012170","키위미디어그룹","KOSPI","유통업","1090","45","4.31","148085291940"
"015890","태경산업","KOSPI","화학","4810","10","0.21","140590287500"
"006890","태경화학","KOSPI","화학","5250","0","0.00","60900000000"
"003240","태광산업","KOSPI","화학","947000","-3000","-0.32","1054389800000"
"011280","태림포장","KOSPI","종이목재","3160","-20","-0.63","223746770400"
"004100","태양금속","KOSPI","운수장비","2290","-30","-1.29","84043000000"
"004105","태양금속우","KOSPI","운수장비","4520","5","0.11","14916000000"
"009410","태영건설","KOSPI","건설업","5420","50","0.93","414088000000"
"009415","태영건설우","KOSPI","건설업","6230","-200","-3.11","15933100400"
"001420","태원물산","KOSPI","운수장비","4290","35","0.82","32604000000"
"007980","태평양물산","KOSPI","섬유의복","3895","-5","-0.13","168535528240"
"078000","텔코웨어","KOSPI","서비스업","11500","-100","-0.86","111581119000"
"214420","토니모리","KOSPI","화학","22750","100","0.44","401310000000"
"140890","트러스제7호","KOSPI","서비스업","3785","105","2.85","36661510000"
"019180","티에이치엔","KOSPI","전기전자","2230","-40","-1.76","40140000000"
"004870","티웨이홀딩스","KOSPI","비금속광물","6850","-100","-1.44","111318075900"
"134790","팀스","KOSPI","기타제조업","22300","100","0.45","44600000000"
"005690","파미셀","KOSPI","의약품","5190","30","0.58","303005745900"
"036580","팜스코","KOSPI","음식료품","11800","100","0.85","433389727400"
"028670","팬오션","KOSPI","운수창고업","3985","40","1.01","2129555443490"
"010820","퍼스텍","KOSPI","기계","3775","45","1.21","176537271000"
"016800","퍼시스","KOSPI","기타제조업","33000","200","0.61","379500000000"
"001020","페이퍼코리아","KOSPI","종이목재","536","1","0.19","120260742016"
"090080","평화산업","KOSPI","운수장비","1860","10","0.54","69571149840"
"010770","평화홀딩스","KOSPI","서비스업","3625","0","0.00","53017314250"
"058430","포스코강판","KOSPI","철강금속","29700","0","0.00","178200000000"
"047050","포스코대우","KOSPI","유통업","27000","-600","-2.17","3074659857000"
"017810","풀무원","KOSPI","서비스업","140500","0","0.00","535177847500"
"103140","풍산","KOSPI","철강금속","40500","200","0.50","1134983259000"
"005810","풍산홀딩스","KOSPI","서비스업","48500","400","0.83","380005599500"
"033180","필룩스","KOSPI","전기전자","3280","45","1.39","83762409600"
"086790","하나금융지주","KOSPI","기타금융","31250","-650","-2.04","9250095687500"
"099340","하나니켈1호","KOSPI","기타금융","1385","5","0.36","31517337000"
"099350","하나니켈2호","KOSPI","기타금융","1355","-40","-2.87","4449820000"
"039130","하나투어","KOSPI","서비스업","66100","0","0.00","767829828500"
"172580","하이골드12호","KOSPI","서비스업","2425","0","0.00","31632912500"
"139200","하이골드2호","KOSPI","서비스업","1680","0","0.00","22411043760"
"153360","하이골드3호","KOSPI","서비스업","2020","50","2.54","32622575800"
"159650","하이골드8호","KOSPI","서비스업","1340","20","1.52","19973944860"
"071090","하이스틸","KOSPI","철강금속","21000","50","0.24","41998824000"
"019490","하이트론","KOSPI","전기전자","5270","50","0.96","29146973450"
"000080","하이트진로","KOSPI","음식료품","21100","-200","-0.94","1479819192100"
"000087","하이트진로2우B","KOSPI","음식료품","18400","50","0.27","20794539200"
"000140","하이트진로홀딩스","KOSPI","서비스업","12450","100","0.81","288924224250"
"000145","하이트진로홀딩스우","KOSPI","서비스업","10500","-50","-0.47","4943505000"
"152550","한국ANKOR유전","KOSPI","기타금융","1930","5","0.26","135138600000"
"036460","한국가스공사","KOSPI","전기가스업","48450","-850","-1.72","4472564850000"
"005430","한국공항","KOSPI","운수창고업","42700","550","1.30","135203358500"
"071050","한국금융지주","KOSPI","기타금융","41900","150","0.36","2334919064800"
"071055","한국금융지주우","KOSPI","기타금융","23550","50","0.21","137961811050"
"010040","한국내화","KOSPI","비금속광물","3145","-90","-2.78","71906122640"
"025540","한국단자","KOSPI","전기전자","78700","1200","1.55","819660500000"
"004090","한국석유","KOSPI","비금속광물","103000","0","0.00","67485600000"
"002960","한국쉘석유","KOSPI","화학","443000","3000","0.68","575900000000"
"002000","한국유리","KOSPI","비금속광물","27150","-100","-0.37","273662769000"
"002005","한국유리우","KOSPI","비금속광물","22050","-100","-0.45","10027612350"
"123890","한국자산신탁","KOSPI","기타금융","8300","-10","-0.12","705500000000"
"015760","한국전력","KOSPI","전기가스업","44050","-1000","-2.22","28278517591850"
"006200","한국전자홀딩스","KOSPI","서비스업","931","9","0.98","43573719616"
"002300","한국제지","KOSPI","종이목재","30800","200","0.65","154152429200"
"023350","한국종합기술","KOSPI","서비스업","6240","0","0.00","68328000000"
"025890","한국주강","KOSPI","기계","3410","-5","-0.15","38564573190"
"000970","한국주철관","KOSPI","철강금속","9920","40","0.40","226180960000"
"104700","한국철강","KOSPI","철강금속","37050","-450","-1.20","341230500000"
"017960","한국카본","KOSPI","기계","6050","-40","-0.66","265962579850"
"161890","한국콜마","KOSPI","화학","65800","800","1.23","1388389935800"
"024720","한국콜마홀딩스","KOSPI","서비스업","33700","200","0.60","564439143200"
"161390","한국타이어","KOSPI","화학","58000","1000","1.75","7184754002000"
"000240","한국타이어월드와이드","KOSPI","서비스업","20750","200","0.97","1930168589750"
"034830","한국토지신탁","KOSPI","기타금융","2855","-10","-0.35","720856751650"
"007280","한국특수형강","KOSPI","철강금속","2785","135","5.09","50188145230"
"168490","한국패러랠","KOSPI","기타금융","2615","0","0.00","209252300000"
"010100","한국프랜지","KOSPI","운수장비","13600","0","0.00","82825142400"
"047810","한국항공우주","KOSPI","운수장비","67000","800","1.21","6530832169000"
"123690","한국화장품","KOSPI","유통업","12650","500","4.12","203260200000"
"003350","한국화장품제조","KOSPI","화학","27350","350","1.30","123950200000"
"011500","한농화성","KOSPI","화학","6430","110","1.74","100546180060"
"002390","한독","KOSPI","의약품","26250","-350","-1.32","330594600000"
"014790","한라","KOSPI","건설업","4265","25","0.59","155650927630"
"060980","한라홀딩스","KOSPI","서비스업","60600","400","0.66","654643074600"
"053690","한미글로벌","KOSPI","서비스업","8870","70","0.80","96289065560"
"042700","한미반도체","KOSPI","기계","15450","0","0.00","392937393450"
"008930","한미사이언스","KOSPI","서비스업","61100","-7800","-11.32","3561537879900"
"128940","한미약품","KOSPI","의약품","305500","-35500","-10.41","3187926410500"
"009240","한샘","KOSPI","유통업","199000","1000","0.51","4683251672000"
"020000","한섬","KOSPI","섬유의복","34850","50","0.14","858355500000"
"003680","한성기업","KOSPI","음식료품","8280","180","2.22","45357434280"
"105630","한세실업","KOSPI","섬유의복","25650","1250","5.12","1026000000000"
"016450","한세예스24홀딩스","KOSPI","서비스업","10400","100","0.97","416000000000"
"010420","한솔PNS","KOSPI","유통업","2080","-10","-0.48","42625464960"
"009180","한솔로지스틱스","KOSPI","운수창고업","2775","-30","-1.07","45724854375"
"007190","한솔아트원제지","KOSPI","종이목재","1740","0","0.00","66951860940"
"007197","한솔아트원제지2우B","KOSPI","종이목재","7120","10","0.14","3330130800"
"213500","한솔제지","KOSPI","종이목재","19700","-100","-0.51","396689227300"
"014680","한솔케미칼","KOSPI","화학","83300","4700","5.98","940889743500"
"004710","한솔테크닉스","KOSPI","전기전자","15450","-250","-1.59","341597615100"
"004150","한솔홀딩스","KOSPI","서비스업","6700","20","0.30","310611135700"
"025750","한솔홈데코","KOSPI","종이목재","1620","-10","-0.61","125076192120"
"004960","한신공영","KOSPI","건설업","15900","50","0.32","161646634500"
"011700","한신기계","KOSPI","기계","2975","-55","-1.82","96527299225"
"001750","한양증권","KOSPI","증권","7250","-50","-0.68","92281871500"
"001755","한양증권우","KOSPI","증권","7520","80","1.08","3948000000"
"018880","한온시스템","KOSPI","기계","10300","450","4.57","5498140000000"
"009420","한올바이오파마","KOSPI","의약품","13150","-700","-5.05","686964389700"
"014130","한익스프레스","KOSPI","운수창고업","74800","600","0.81","89760000000"
"003300","한일시멘트","KOSPI","비금속광물","76000","700","0.93","573443788000"
"002220","한일철강","KOSPI","철강금속","25000","350","1.42","51000000000"
"051600","한전KPS","KOSPI","건설업","54200","-200","-0.37","2439000000000"
"052690","한전기술","KOSPI","서비스업","23650","0","0.00","903903000000"
"130660","한전산업","KOSPI","서비스업","4810","0","0.00","156806000000"
"002320","한진","KOSPI","운수창고업","28800","1150","4.16","344870092800"
"097230","한진중공업","KOSPI","건설업","3365","-10","-0.30","356866689420"
"003480","한진중공업홀딩스","KOSPI","서비스업","5050","90","1.81","149125550600"
"180640","한진칼","KOSPI","서비스업","15350","-300","-1.92","908266530300"
"18064K","한진칼우","KOSPI","서비스업","10000","130","1.32","5367660000"
"117930","한진해운","KOSPI","운수창고업","367","-5","-1.34","90014070549"
"005110","한창","KOSPI","유통업","5920","-80","-1.33","203994846880"
"009460","한창제지","KOSPI","종이목재","1145","5","0.44","68319271470"
"000880","한화","KOSPI","화학","35050","0","0.00","2627303661750"
"00088K","한화3우B","KOSPI","화학","16800","-100","-0.59","377529600000"
"027390","한화갤러리아타임월드","KOSPI","유통업","33700","-300","-0.88","202204414700"
"088350","한화생명","KOSPI","보험","6530","-80","-1.21","5671500900000"
"000370","한화손해보험","KOSPI","보험","7230","80","1.12","656042355450"
"000885","한화우","KOSPI","화학","18450","100","0.54","8842974300"
"009830","한화케미칼","KOSPI","화학","24700","-550","-2.18","4070791167300"
"009835","한화케미칼우","KOSPI","화학","12800","-350","-2.66","14383833600"
"012450","한화테크윈","KOSPI","운수장비","43450","450","1.05","2308498500000"
"003530","한화투자증권","KOSPI","증권","2085","-5","-0.24","359542635435"
"003535","한화투자증권우","KOSPI","증권","1860","-80","-4.12","8928000000"
"015540","핫텍","KOSPI","서비스업","11300","400","3.67","34455914800"
"195870","해성디에스","KOSPI","전기전자","12950","200","1.57","220150000000"
"101530","해태제과식품","KOSPI","음식료품","17950","-350","-1.91","522646954900"
"143210","핸즈코퍼레이션","KOSPI","운수장비","9260","-90","-0.96","200449368000"
"089470","현대EP","KOSPI","화학","9360","20","0.21","298584000000"
"000720","현대건설","KOSPI","건설업","42800","-250","-0.58","4766026742000"
"000725","현대건설우","KOSPI","건설업","47200","250","0.53","4666003200"
"005440","현대그린푸드","KOSPI","유통업","15400","200","1.32","1504649022800"
"086280","현대글로비스","KOSPI","운수창고업","154500","2000","1.31","5793750000000"
"064350","현대로템","KOSPI","운수장비","18150","100","0.55","1542750000000"
"079430","현대리바트","KOSPI","기타제조업","23700","50","0.21","409101105000"
"012330","현대모비스","KOSPI","운수장비","264000","5000","1.93","25698779832000"
"010620","현대미포조선","KOSPI","운수장비","67200","0","0.00","1344000000000"
"069960","현대백화점","KOSPI","유통업","109000","-1500","-1.36","2550866069000"
"004560","현대비앤지스틸","KOSPI","철강금속","12400","0","0.00","186977256400"
"004565","현대비앤지스틸우","KOSPI","철강금속","46200","350","0.76","5075162400"
"012630","현대산업","KOSPI","건설업","44950","350","0.78","3388518891000"
"011760","현대상사","KOSPI","유통업","21900","150","0.69","289714355400"
"011200","현대상선","KOSPI","운수창고업","6760","150","2.27","1202346964520"
"006390","현대시멘트","KOSPI","비금속광물","27600","1200","4.55","462535814400"
"227840","현대씨앤에프","KOSPI","유통업","16450","-250","-1.50","149708752200"
"004310","현대약품","KOSPI","의약품","4870","-50","-1.02","136360000000"
"126560","현대에이치씨엔","KOSPI","서비스업","4135","155","3.89","446136562600"
"017800","현대엘리베이","KOSPI","기계","57400","4500","8.51","1413906246200"
"011210","현대위아","KOSPI","운수장비","73000","200","0.27","1985241059000"
"004020","현대제철","KOSPI","철강금속","57000","-600","-1.04","7606409745000"
"009540","현대중공업","KOSPI","운수장비","145500","-2000","-1.36","11058000000000"
"005380","현대차","KOSPI","운수장비","146000","2500","1.74","32160365934000"
"005387","현대차2우B","KOSPI","운수장비","99400","300","0.30","3738818181000"
"005389","현대차3우B","KOSPI","운수장비","90900","1900","2.13","225277379100"
"005385","현대차우","KOSPI","운수장비","95700","400","0.42","2403025277400"
"001450","현대해상","KOSPI","보험","31500","50","0.16","2816100000000"
"057050","현대홈쇼핑","KOSPI","유통업","111500","-500","-0.45","1338000000000"
"093240","형지엘리트","KOSPI","섬유의복","6190","150","2.48","110374744220"
"003010","혜인","KOSPI","유통업","4145","10","0.24","52694336315"
"008770","호텔신라","KOSPI","유통업","48150","850","1.80","1889797026150"
"008775","호텔신라우","KOSPI","유통업","30950","350","1.14","23270655050"
"002460","화성산업","KOSPI","건설업","13500","0","0.00","168085800000"
"013520","화승알앤에이","KOSPI","운수장비","33550","-200","-0.59","216602859550"
"241590","화승엔터프라이즈","KOSPI","서비스업","15300","150","0.99","412021028700"
"006060","화승인더","KOSPI","화학","10450","50","0.48","578094000000"
"010690","화신","KOSPI","운수장비","6460","-70","-1.07","225585848600"
"133820","화인베스틸","KOSPI","철강금속","2680","15","0.56","86028000000"
"010660","화천기계","KOSPI","기계","21600","0","0.00","47520000000"
"000850","화천기공","KOSPI","기계","50400","500","1.00","110880000000"
"016580","환인제약","KOSPI","의약품","15850","-50","-0.31","294811109500"
"032560","황금에스티","KOSPI","철강금속","8830","-130","-1.45","123620000000"
"004800","효성","KOSPI","화학","145500","0","0.00","5109589702500"
"094280","효성ITX","KOSPI","서비스업","11700","100","0.86","135230940000"
"093370","후성","KOSPI","화학","7340","10","0.14","678214187020"
"081660","휠라코리아","KOSPI","유통업","70500","300","0.43","804264987000"
"005870","휴니드","KOSPI","전기전자","13600","900","7.09","189421004000"
"079980","휴비스","KOSPI","화학","8210","120","1.48","283245000000"
"005010","휴스틸","KOSPI","철강금속","15400","-50","-0.32","106546701800"
"069260","휴켐스","KOSPI","화학","21700","-500","-2.25","887065359600"
"000540","흥국화재","KOSPI","보험","3705","25","0.68","238018999725"
"000547","흥국화재2우B","KOSPI","보험","16200","-500","-2.99","2488320000"
"000545","흥국화재우","KOSPI","보험","3645","40","1.11","2799360000"
"003280","흥아해운","KOSPI","운수창고업","1330","20","1.53","136608861900"