종목코드,종목명,종가,대비,등락률,EPS,PER,선행 EPS,선행 PER,BPS,PBR,주당배당금,배당수익률
"068400","AJ렌터카 ","14400","150","1.05","910","15.82",,,"7647","1.88","0","0.00"
"006840","AK홀딩스 ","46300","-1050","-2.22","22933","2.02",,,"33073","1.40","150","0.32"
"138930","BS금융지주 ","15900","-50","-0.31","1869","8.51",,,"16833","0.94","330","2.08"
"001460","BYC ","206500","1000","0.49","39163","5.27",,,"396687","0.52","850","0.41"
"001465","BYC우 ","84600","1300","1.56",,,,,,,"900","1.06"
"001040","CJ ","127500","-500","-0.39","7801","16.34",,,"101632","1.25","650","0.51"
"079160","CJ CGV ","51500","1100","2.18","2626","19.61",,,"16762","3.07","350","0.68"
"000120","CJ대한통운 ","120000","4000","3.45","4763","25.19",,,"100335","1.20","0","0.00"
"011150","CJ씨푸드 ","2495","-20","-0.80","158","15.79",,,"1080","2.31","0","0.00"
"011155","CJ씨푸드1우 ","6730","-130","-1.90",,,,,,,"0","0.00"
"001045","CJ우 ","55800","1400","2.57",,,,,,,"700","1.25"
"097950","CJ제일제당 ","274500","-500","-0.18","18369","14.94",,,"206383","1.33","1800","0.66"
"097955","CJ제일제당 우 ","118500","0","0.00",,,,,,,"1850","1.56"
"037560","CJ헬로비전 ","18050","200","1.12","1491","12.11",,,"9354","1.93","0","0.00"
"000590","CS홀딩스 ","58400","7600","14.96","5708","10.23",,,"146972","0.40","0","0.00"
"139130","DGB금융지주 ","16400","200","1.23","2039","8.04",,,"18823","0.87","330","2.01"
"004840","DRB동일 ","8020","540","7.22","1509","5.31",,,"11690","0.69","40","0.50"
"155660","DSR ","3935","85","2.21","758","5.19",,,"5128","0.77","0","0.00"
"069730","DSR제강 ","3670","-55","-1.48","86","42.67",,,"6964","0.53","30","0.82"
"017940","E1 ","65000","-1700","-2.55","15096","4.31",,,"154916","0.42","1600","2.46"
"007700","F&F ","7170","-30","-0.42","526","13.63",,,"11083","0.65","100","1.39"
"114090","GKL ","44000","1450","3.41","2328","18.90",,,"5358","8.21","1217","2.77"
"078930","GS ","49550","0","0.00","5217","9.50",,,"66978","0.74","1350","2.72"
"006360","GS건설 ","36050","-1550","-4.12","2063","17.47",,,"72576","0.50","250","0.69"
"001250","GS글로벌 ","8790","90","1.03","906","9.70",,,"10444","0.84","125","1.42"
"007070","GS리테일 ","27150","1650","6.47","1603","16.94",,,"19798","1.37","400","1.47"
"078935","GS우 ","30400","0","0.00",,,,,,,"1400","4.61"
"035000","GⅡR ","8080","50","0.62","758","10.66",,,"6815","1.19","200","2.48"
"001500","HMC투자증권 ","9580","200","2.13","1051","9.12",,,"23166","0.41","150","1.57"
"011420","IB월드와이드 ","1790","-35","-1.92","19","94.21",,,"1247","1.44","0","0.00"
"003560","IHQ ","2310","40","1.76","109","21.19",,,"842","2.74","0","0.00"
"175330","JB금융지주 ","6870","-60","-0.87",,,,,,,"0","0.00"
"005560","JS전선 ","5300","0","0.00","1040","5.10",,,"11471","0.46","300","5.66"
"001060","JW중외제약 ","16700","-200","-1.18",,,,,"13475","1.24","125","0.75"
"001067","JW중외제약2우B ","16600","-350","-2.06",,,,,,,"125","0.75"
"001065","JW중외제약우 ","11300","-300","-2.59",,,,,,,"150","1.33"
"096760","JW홀딩스 ","2500","-20","-0.79",,,,,"1505","1.66","25","1.00"
"105560","KB금융 ","39900","400","1.01","4408","9.05",,,"63438","0.63","600","1.50"
"002380","KCC ","516000","-14000","-2.64","45384","11.37",,,"468604","1.10","8000","1.55"
"009070","KCTC ","22100","2400","12.18",,,,,"48172","0.46","250","1.13"
"009440","KC그린홀딩스 ","6890","-320","-4.44","1057","6.52",,,"5875","1.17","70","1.02"
"119650","KC코트렐 ","9610","-220","-2.24","1638","5.87",,,"7313","1.31","470","4.89"
"092220","KEC ","743","10","1.36",,,,,"4794","0.15","0","0.00"
"109070","KGP ","871","11","1.28",,,,,"1078","0.81","0","0.00"
"001390","KG케미칼 ","18800","-150","-0.79","746","25.20",,,"16723","1.12","150","0.80"
"001940","KISCO홀딩스 ","41600","0","0.00","9923","4.19",,,"175031","0.24","900","2.16"
"083420","KPX그린케미칼 ","4895","25","0.51","585","8.37",,,"4928","0.99","150","3.06"
"025000","KPX케미칼 ","64300","-500","-0.77","7603","8.46",,,"68667","0.94","3000","4.67"
"092230","KPX홀딩스 ","47800","-200","-0.42","4410","10.84",,,"123023","0.39","2550","5.33"
"025850","KPX화인케미칼 ","18800","-100","-0.53",,,,,"33703","0.56","0","0.00"
"044450","KSS해운 ","12700","-150","-1.17","1154","11.01",,,"11811","1.08","90","0.71"
"030200","KT ","30350","400","1.34","4341","6.99",,,"47141","0.64","2000","6.59"
"033780","KT&G ","78200","300","0.39","5869","13.32",,,"37081","2.11","3200","4.09"
"030210","KTB투자증권 ","2440","55","2.31","54","45.19",,,"6717","0.36","0","0.00"
"058850","KTcs ","3510","-15","-0.43","423","8.30",,,"2685","1.31","100","2.85"
"003550","LG ","56000","700","1.27","5294","10.58",,,"64357","0.87","1000","1.79"
"034220","LG디스플레이 ","24350","250","1.04","652","37.35",,,"28534","0.85","0","0.00"
"001120","LG상사 ","28350","-350","-1.22","5735","4.94",,,"37894","0.75","500","1.76"
"068870","LG생명과학 ","40900","1350","3.41","507","80.67",,,"15028","2.72","0","0.00"
"068875","LG생명과학우 ","23500","450","1.95",,,,,,,"0","0.00"
"051900","LG생활건강 ","457000","4000","0.88","18126","25.21",,,"67816","6.74","3750","0.82"
"051905","LG생활건강우 ","204000","0","0.00",,,,,,,"3800","1.86"
"003555","LG우 ","33350","50","0.15",,,,,,,"1050","3.15"
"032640","LG유플러스 ","10450","150","1.46",,,,,"8582","1.22","0","0.00"
"011070","LG이노텍 ","91400","-1700","-1.83",,,,,"62876","1.45","0","0.00"
"066570","LG전자 ","60900","0","0.00","366","166.39",,,"68872","0.88","200","0.33"
"066575","LG전자우 ","25750","600","2.39",,,,,,,"250","0.97"
"093050","LG패션 ","27750","-350","-1.25","2076","13.37",,,"29701","0.93","400","1.44"
"108670","LG하우시스 ","171500","3000","1.78","2898","59.18",,,"72100","2.38","1000","0.58"
"108675","LG하우시스우 ","73000","400","0.55",,,,,,,"1050","1.44"
"051910","LG화학 ","254500","-3000","-1.17","20318","12.53",,,"143834","1.77","4000","1.57"
"051915","LG화학우 ","152500","1500","0.99",,,,,,,"4050","2.66"
"002550","LIG손해보험 ","30950","0","0.00","3221","9.61",,,"25974","1.19","550","1.78"
"006260","LS ","73200","-800","-1.08","6128","11.95",,,"72222","1.01","1250","1.71"
"000680","LS네트웍스 ","4435","-50","-1.11","249","17.81",,,"10165","0.44","50","1.13"
"000685","LS네트웍스우 ","129000","7000","5.74",,,,,,,"100","0.08"
"000687","LS네트웍스전환상환2우B ","4485","-15","-0.33",,,,,,,"175","3.90"
"010120","LS산전 ","63300","400","0.64","3421","18.50",,,"27810","2.28","1000","1.58"
"023150","MH에탄올 ","3975","210","5.58","59","67.37",,,"5589","0.71","0","0.00"
"035420","NAVER ","817000","25000","3.16","12337","66.22",,,"39134","20.88","616","0.08"
"181710","NHN엔터테인먼트 ","99300","3800","3.98",,,,,,,"0","0.00"
"016420","NH농협증권 ","4910","100","2.08","315","15.59",,,"8238","0.60","100","2.04"
"034310","NICE ","13150","-50","-0.38","1356","9.70",,,"10073","1.31","130","0.99"
"008260","NI스틸 ","2235","70","3.23","248","9.01",,,"2213","1.01","50","2.24"
"004250","NPC ","5700","170","3.07","505","11.29",,,"3231","1.76","65","1.14"
"004255","NPC우 ","2030","40","2.01",,,,,,,"70","3.45"
"010060","OCI ","207000","-3500","-1.66",,,,,"133074","1.56","400","0.19"
"005490","POSCO ","284000","-3000","-1.05","31874","8.91",,,"452524","0.63","8000","2.82"
"100840","S&TC ","16800","50","0.30","1298","12.94",,,"25874","0.65","200","1.19"
"000040","S&T모터스 ","576","-9","-1.54",,,,,"533","1.08","0","0.00"
"064960","S&T모티브 ","28850","200","0.70","1942","14.86",,,"30764","0.94","500","1.73"
"003570","S&T중공업 ","11650","150","1.30","1245","9.36",,,"21682","0.54","300","2.58"
"036530","S&T홀딩스 ","15400","200","1.32","1870","8.24",,,"33753","0.46","400","2.60"
"010950","S-Oil ","65400","0","0.00","5025","13.01",,,"46105","1.42","2650","4.05"
"010955","S-Oil우 ","52300","0","0.00",,,,,,,"2675","5.11"
"034120","SBS ","37100","500","1.37","1508","24.60",,,"29862","1.24","600","1.62"
"101060","SBS미디어홀딩스 ","4420","80","1.84","221","20.00",,,"4346","1.02","25","0.57"
"004060","SG세계물산 ","601","15","2.56","4","150.25",,,"1037","0.58","0","0.00"
"001380","SG충남방적 ","1560","10","0.65",,,,,"2866","0.54","0","0.00"
"002360","SH에너지화학 ","763","-2","-0.26","4","190.75",,,"568","1.34","0","0.00"
"002365","SH에너지화학우 ","140500","-1500","-1.06",,,,,,,"0","0.00"
"009160","SIMPAC ","7070","60","0.86","714","9.90",,,"6459","1.09","100","1.41"
"123700","SJM ","9800","180","1.87","618","15.86",,,"7823","1.25","100","1.02"
"025530","SJM홀딩스 ","4830","-50","-1.02","618","7.82",,,"7823","0.62","100","2.07"
"003600","SK ","192500","500","0.26","25881","7.44",,,"239124","0.81","2500","1.30"
"034730","SK C&C ","145000","2500","1.75","7642","18.97",,,"44731","3.24","1250","0.86"
"011790","SKC ","30500","-50","-0.16","1838","16.59",,,"31798","0.96","500","1.64"
"018670","SK가스 ","76100","100","0.13","12660","6.01",,,"112087","0.68","1700","2.23"
"001740","SK네트웍스 ","8330","70","0.85","194","42.94",,,"12339","0.68","150","1.80"
"001745","SK네트웍스우 ","18700","100","0.54",,,,,,,"175","0.94"
"003605","SK우 ","93100","1100","1.20",,,,,,,"2550","2.74"
"096770","SK이노베이션 ","133500","-1500","-1.11","12720","10.50",,,"164024","0.81","3200","2.40"
"096775","SK이노베이션우 ","69200","-800","-1.14",,,,,,,"3250","4.70"
"001510","SK증권 ","738","6","0.82",,,,,"1326","0.56","0","0.00"
"001515","SK증권우 ","728","-7","-0.95",,,,,,,"0","0.00"
"006120","SK케미칼 ","62200","-600","-0.96","4459","13.95",,,"54535","1.14","400","0.64"
"006125","SK케미칼우 ","23100","0","0.00",,,,,,,"450","1.95"
"017670","SK텔레콤 ","216500","3500","1.64","16525","13.10",,,"146816","1.47","9400","4.34"
"000660","SK하이닉스 ","38750","-750","-1.90",,,,,"14032","2.76","0","0.00"
"011810","STX ","1245","-80","-6.04",,,,,"18511","0.07","125","10.04"
"077970","STX엔진 ","3395","-110","-3.14",,,,,"21503","0.16","0","0.00"
"067250","STX조선해양 ","5550","0","0.00",,,,,"25707","0.22","0","0.00"
"071970","STX중공업 ","2550","-75","-2.86","115","22.17",,,"8383","0.30","125","4.90"
"002710","TCC동양 ","3245","-75","-2.26","8","405.63",,,"12539","0.26","120","3.70"
"011000","VGX인터 ","1165","5","0.43",,,,,"523","2.23","0","0.00"
"024070","WISCOM ","5030","10","0.20","489","10.29",,,"7774","0.65","300","5.96"
"000500","가온전선 ","22550","50","0.22","1160","19.44",,,"63546","0.35","600","2.66"
"035250","강원랜드 ","31900","550","1.75","1509","21.14",,,"11087","2.88","755","2.37"
"000860","건설화학 ","34700","900","2.66","4387","7.91",,,"50411","0.69","450","1.30"
"000800","경남기업 ","4490","-200","-4.26","4713","0.95",,,"27336","0.16","0","0.00"
"008020","경남에너지 ","7250","-100","-1.36","883","8.21",,,"9289","0.78","125","1.72"
"002100","경농 ","4325","-125","-2.81","632","6.84",,,"6784","0.64","150","3.47"
"012320","경동가스 ","107000","0","0.00","12300","8.70",,,"127134","0.84","1250","1.17"
"009450","경동나비엔 ","18450","-150","-0.81","729","25.31",,,"13655","1.35","100","0.54"
"000050","경방 ","119000","0","0.00",,,,,"271635","0.44","0","0.00"
"012610","경인양행 ","4325","-10","-0.23","65","66.54",,,"4309","1.00","50","1.16"
"009140","경인전자 ","16850","500","3.06","824","20.45",,,"36276","0.46","350","2.08"
"013580","계룡건설 ","13300","600","4.72","276","48.19",,,"51239","0.26","0","0.00"
"012200","계양전기 ","3030","15","0.50","148","20.47",,,"4245","0.71","50","1.65"
"012205","계양전기우 ","1625","-10","-0.61",,,,,,,"55","3.38"
"004200","고려개발 ","3350","-170","-4.83",,,,,"6013","0.56","0","0.00"
"002140","고려산업 ","1380","35","2.60","322","4.29",,,"2486","0.56","30","2.17"
"010130","고려아연 ","341000","1000","0.29","31693","10.76",,,"204525","1.67","5000","1.47"
"002240","고려제강 ","35900","0","0.00","2831","12.68",,,"76201","0.47","350","0.97"
"009810","고려포리머 ","495","-7","-1.39",,,,,"1268","0.39","0","0.00"
"001290","골든브릿지증권 ","728","17","2.39",,,,,"897","0.81","0","0.00"
"009290","광동제약 ","7980","-120","-1.48","668","11.95",,,"5075","1.57","60","0.75"
"017040","광명전기 ","2230","0","0.00","16","139.38",,,"1314","1.70","0","0.00"
"017900","광전자 ","2050","-15","-0.73",,,,,"3625","0.57","0","0.00"
"037710","광주신세계 ","260000","16500","6.78","33606","7.74",,,"226010","1.15","1250","0.48"
"030610","교보증권 ","5170","100","1.97","306","16.90",,,"16282","0.32","50","0.97"
"007690","국도화학 ","49900","-100","-0.20","5098","9.79",,,"56584","0.88","1000","2.00"
"005320","국동 ","3860","500","14.88","1356","2.85",,,"2350","1.64","0","0.00"
"001140","국보 ","10900","-50","-0.46",,,,,"32802","0.33","50","0.46"
"002720","국제약품 ","2105","-10","-0.47",,,,,"3472","0.61","0","0.00"
"014530","극동유화 ","25400","-100","-0.39","3419","7.43",,,"29629","0.86","700","2.76"
"002250","근화제약 ","18300","200","1.10",,,,,"19059","0.96","0","0.00"
"014280","금강공업 ","26500","-200","-0.75","2396","11.06",,,"40612","0.65","350","1.32"
"014285","금강공업우 ","15400","-250","-1.60",,,,,,,"400","2.60"
"008870","금비 ","29000","-200","-0.68","493","58.82",,,"78478","0.37","1200","4.14"
"001570","금양 ","1090","-20","-1.80","110","9.91",,,"1139","0.96","35","3.21"
"002990","금호산업 ","14000","-600","-4.11",,,,,"588","23.81","0","0.00"
"002995","금호산업우 ","13650","-350","-2.50",,,,,,,"0","0.00"
"011780","금호석유 ","88800","-2100","-2.31","4959","17.91",,,"46211","1.92","2000","2.25"
"011785","금호석유우 ","35600","-700","-1.93",,,,,,,"2050","5.76"
"001210","금호전기 ","23550","-400","-1.67",,,,,"27403","0.86","100","0.42"
"073240","금호타이어 ","14000","0","0.00","1031","13.58",,,"6418","2.18","0","0.00"
"092440","기신정기 ","7690","70","0.92","553","13.91",,,"6639","1.16","200","2.60"
"000270","기아차 ","55400","-300","-0.54","9546","5.80",,,"41563","1.33","650","1.17"
"024110","기업은행 ","13600","150","1.12","1766","7.70",,,"21497","0.63","400","2.94"
"004540","깨끗한나라 ","4730","-15","-0.32","592","7.99",,,"4738","1.00","0","0.00"
"004545","깨끗한나라우 ","5500","-70","-1.26",,,,,,,"0","0.00"
"007460","나라케이아이씨 ","2335","40","1.74",,,,,"6965","0.34","0","0.00"
"001260","남광토건 ","8300","-50","-0.60",,,,,"829","10.01","0","0.00"
"008350","남선알미늄 ","647","-2","-0.31",,,,,"555","1.17","0","0.00"
"008355","남선알미우 ","3615","85","2.41",,,,,,,"0","0.00"
"004270","남성 ","8650","80","0.93",,,,,"22182","0.39","250","2.89"
"003920","남양유업 ","855000","6000","0.71","89506","9.55",,,"982151","0.87","1000","0.12"
"003925","남양유업우 ","318500","-1500","-0.47",,,,,,,"1050","0.33"
"002070","남영비비안 ","6290","-10","-0.16",,,,,"21519","0.29","250","3.97"
"025860","남해화학 ","8400","0","0.00",,,,,"6871","1.22","30","0.36"
"005720","넥센 ","78000","-200","-0.26","15962","4.89",,,"95643","0.82","400","0.51"
"005725","넥센우 ","28900","-700","-2.36",,,,,,,"450","1.56"
"002350","넥센타이어 ","14350","-50","-0.35","1335","10.75",,,"6683","2.15","60","0.42"
"002355","넥센타이어1우B ","5000","-30","-0.60",,,,,,,"65","1.30"
"110570","넥솔론 ","1155","-5","-0.43",,,,,"702","1.65","0","0.00"
"090350","노루페인트 ","5700","-30","-0.52","224","25.45",,,"10883","0.52","200","3.51"
"090355","노루페인트우 ","5000","100","2.04",,,,,,,"205","4.10"
"000320","노루홀딩스 ","19600","-200","-1.01","1420","13.80",,,"18063","1.09","350","1.79"
"000327","노루홀딩스2우B ","17150","300","1.78",,,,,,,"355","2.07"
"000325","노루홀딩스우 ","12200","-450","-3.56",,,,,,,"355","2.91"
"006280","녹십자 ","136000","1000","0.74","4977","27.33",,,"62213","2.19","1250","0.92"
"005250","녹십자홀딩스 ","16350","100","0.62","1426","11.47",,,"12551","1.30","450","2.75"
"005255","녹십자홀딩스1우 ","14450","50","0.35",,,,,,,"455","3.15"
"005257","녹십자홀딩스2우 ","15100","600","4.14",,,,,,,"455","3.01"
"004370","농심 ","299000","6500","2.22",,,,,"236878","1.26","4000","1.34"
"072710","농심홀딩스 ","88400","-600","-0.67","3167","27.91",,,"148700","0.59","2000","2.26"
"023590","다우기술 ","15850","-150","-0.94","1507","10.52",,,"15712","1.01","130","0.82"
"020120","다우인큐브 ","2920","50","1.74",,,,,"937","3.12","0","0.00"
"015590","대경기계 ","1955","60","3.17","124","15.77",,,"1277","1.53","0","0.00"
"019680","대교 ","6850","-40","-0.58","244","28.07",,,"5912","1.16","210","3.07"
"019685","대교우B ","3795","15","0.40",,,,,,,"220","5.80"
"006375","대구백화우 ","170000","1500","0.89",,,,,,,"450","0.26"
"006370","대구백화점 ","19850","-150","-0.75","869","22.84",,,"36891","0.54","400","2.02"
"004130","대덕GDS ","17000","600","3.66","1852","9.18",,,"16214","1.05","300","1.76"
"004135","대덕GDS우 ","7300","200","2.82",,,,,,,"305","4.18"
"008060","대덕전자 ","7310","-140","-1.88","1166","6.27",,,"8862","0.82","300","4.10"
"000490","대동공업 ","6850","60","0.88",,,,,"9490","0.72","50","0.73"
"008110","대동전자 ","3190","115","3.74","1164","2.74",,,"10427","0.31","50","1.57"
"005750","대림B&Co ","3030","165","5.76",,,,,"9460","0.32","0","0.00"
"000210","대림산업 ","88100","-1900","-2.11","10128","8.70",,,"123800","0.71","500","0.57"
"000215","대림산업우 ","32700","-400","-1.21",,,,,,,"550","1.68"
"006570","대림통상 ","4150","100","2.47",,,,,"9097","0.46","100","2.41"
"001680","대상 ","39550","-100","-0.25","2524","15.67",,,"16613","2.38","150","0.38"
"001689","대상3우B ","32350","0","0.00",,,,,,,"150","0.46"
"001685","대상우 ","14550","650","4.68",,,,,,,"160","1.10"
"084690","대상홀딩스 ","8850","-20","-0.23","975","9.08",,,"11190","0.79","120","1.36"
"084695","대상홀딩스우 ","4315","35","0.82",,,,,,,"130","3.01"
"128820","대성산업 ","4975","-45","-0.90",,,,,"54615","0.09","0","0.00"
"117580","대성에너지 ","5380","-10","-0.19","465","11.57",,,"9763","0.55","250","4.65"
"005620","대성합동지주 ","30100","900","3.08",,,,,"324180","0.09","1000","3.32"
"016710","대성홀딩스 ","11250","400","3.69","1645","6.84",,,"21016","0.54","250","2.22"
"003540","대신증권 ","8510","-40","-0.47","44","193.41",,,"19110","0.45","500","5.88"
"003547","대신증권2우B ","5200","90","1.76",,,,,,,"500","9.62"
"003545","대신증권우 ","5720","40","0.70",,,,,,,"550","9.62"
"009190","대양금속 ","945","-21","-2.17",,,,,,,"0","0.00"
"014160","대영포장 ","729","-11","-1.49","130","5.61",,,"1179","0.62","0","0.00"
"047040","대우건설 ","8140","-250","-2.98","431","18.89",,,"8069","1.01","0","0.00"
"009320","대우부품 ","988","-7","-0.70",,,,,"489","2.02","0","0.00"
"047050","대우인터내셔널 ","42000","0","0.00","1946","21.58",,,"19213","2.19","300","0.71"
"042660","대우조선해양 ","32850","-1750","-5.06","1174","27.98",,,"24409","1.35","250","0.76"
"006800","대우증권 ","8540","80","0.95","378","22.59",,,"11889","0.72","120","1.41"
"006805","대우증권우 ","4010","70","1.78",,,,,,,"132","3.29"
"003090","대웅 ","39100","200","0.51","5246","7.45",,,"31092","1.26","550","1.41"
"069620","대웅제약 ","72000","4300","6.35","3401","21.17",,,"33957","2.12","800","1.11"
"000430","대원강업 ","6600","-50","-0.75","682","9.68",,,"6211","1.06","110","1.67"
"006340","대원전선 ","716","1","0.14","36","19.89",,,"1003","0.71","0","0.00"
"006345","대원전선우 ","716","-10","-1.38",,,,,,,"0","0.00"
"003220","대원제약 ","12100","-150","-1.22","597","20.27",,,"6905","1.75","50","0.41"
"024890","대원화성 ","1430","-30","-2.05",,,,,"1144","1.25","0","0.00"
"000300","대유신소재 ","1380","-40","-2.82",,,,,"1159","1.19","0","0.00"
"002880","대유에이텍 ","1130","-15","-1.31","49","23.06",,,"1062","1.06","30","2.65"
"012800","대창 ","963","-26","-2.63","107","9.00",,,"500","1.93","30","3.12"
"015230","대창단조 ","48250","50","0.10","11751","4.11",,,"49573","0.97","1000","2.07"
"001070","대한방직 ","20150","550","2.81",,,,,"66231","0.30","0","0.00"
"006650","대한유화 ","78300","-200","-0.25",,,,,"113746","0.69","0","0.00"
"001440","대한전선 ","2280","75","3.40",,,,,"1799","1.27","0","0.00"
"084010","대한제강 ","7070","20","0.28","1385","5.10",,,"14777","0.48","200","2.83"
"001790","대한제당 ","27050","-50","-0.18","4321","6.26",,,"53174","0.51","625","2.31"
"001799","대한제당3우B ","24300","-1250","-4.89",,,,,,,"650","2.67"
"001795","대한제당우 ","12050","50","0.42",,,,,,,"650","5.39"
"001130","대한제분 ","144000","-1500","-1.03","18986","7.58",,,"355969","0.40","2500","1.74"
"003490","대한항공 ","34550","-450","-1.29","3601","9.59",,,"35044","0.99","0","0.00"
"003495","대한항공우 ","13500","400","3.05",,,,,,,"0","0.00"
"005880","대한해운 ","22350","400","1.82",,,,,,,"0","0.00"
"003830","대한화섬 ","71000","1000","1.43","4048","17.54",,,"272693","0.26","750","1.06"
"016090","대현 ","2330","-5","-0.21","154","15.13",,,"2207","1.06","16","0.69"
"069460","대호에이엘 ","2415","60","2.55","87","27.76",,,"1366","1.77","0","0.00"
"012510","더존비즈온 ","11250","-300","-2.60","618","18.20",,,"2757","4.08","200","1.78"
"004830","덕성 ","3235","65","2.05","132","24.51",,,"3429","0.94","45","1.39"
"004835","덕성우 ","1635","-20","-1.21",,,,,,,"50","3.06"
"024900","덕양산업 ","17550","-450","-2.50","1265","13.87",,,"16808","1.04","628","3.58"
"002150","도화엔지니어링 ","5030","10","0.20",,,,,"6422","0.78","150","2.98"
"001620","동국실업 ","2460","-15","-0.61","470","5.23",,,"6022","0.41","0","0.00"
"001230","동국제강 ","12050","-350","-2.82",,,,,"40415","0.30","500","4.15"
"023450","동남합성 ","37150","550","1.50","3740","9.93",,,"37401","0.99","200","0.54"
"004140","동방 ","2320","-95","-3.93",,,,,"5031","0.46","30","1.29"
"007590","동방아그로 ","6300","0","0.00","430","14.65",,,"8342","0.76","185","2.94"
"012030","동부CNI ","4500","-10","-0.22","206","21.84",,,"16249","0.28","100","2.22"
"005960","동부건설 ","3295","-140","-4.08",,,,,"12822","0.26","0","0.00"
"005965","동부건설우 ","1850","20","1.09",,,,,,,"0","0.00"
"016380","동부제철 ","3255","-25","-0.76",,,,,"25818","0.13","0","0.00"
"016385","동부제철우 ","2630","-110","-4.01",,,,,,,"0","0.00"
"016610","동부증권 ","3680","90","2.51","1476","2.49",,,"14407","0.26","250","6.79"
"000990","동부하이텍 ","7210","210","3.00",,,,,"6535","1.10","0","0.00"
"000995","동부하이텍1우 ","25400","-100","-0.39",,,,,,,"0","0.00"
"000997","동부하이텍2우B ","42050","-1100","-2.55",,,,,,,"0","0.00"
"005830","동부화재 ","51300","100","0.20","7364","6.97",,,"39771","1.29","1250","2.44"
"002210","동성제약 ","3920","-50","-1.26","181","21.66",,,"2976","1.32","30","0.77"
"102260","동성홀딩스 ","5360","10","0.19","554","9.68",,,"6723","0.80","100","1.87"
"005190","동성화학 ","20200","-50","-0.25","1144","17.66",,,"15639","1.29","160","0.79"
"000640","동아쏘시오홀딩스 ","123000","1500","1.23","9013","13.65",,,"77686","1.58","1000","0.81"
"058730","동아에스텍 ","3610","-80","-2.17","613","5.89",,,"5173","0.70","75","2.08"
"170900","동아에스티 ","120000","3000","2.56",,,,,,,"0","0.00"
"008040","동아원 ","3050","-5","-0.16","53","57.55",,,"2566","1.19","30","0.98"
"028100","동아지질 ","8640","190","2.25","697","12.40",,,"11620","0.74","175","2.03"
"007340","동아타이어 ","19150","-450","-2.30","2808","6.82",,,"23329","0.82","75","0.39"
"001520","동양 ","283","0","0.00",,,,,"528","0.54","0","0.00"
"001527","동양2우B ","1505","0","0.00",,,,,,,"0","0.00"
"001529","동양3우B ","1325","0","0.00",,,,,,,"0","0.00"
"001780","동양강철 ","1900","-30","-1.55",,,,,"2414","0.79","0","0.00"
"005900","동양건설 ","2890","0","0.00",,,,,"5218","0.55","0","0.00"
"084670","동양고속 ","23200","100","0.43","2592","8.95",,,"42019","0.55","1250","5.39"
"013570","동양기전 ","10650","0","0.00","1360","7.83",,,"9923","1.07","200","1.88"
"030790","동양네트웍스 ","532","0","0.00",,,,,"758","0.70","0","0.00"
"002900","동양물산 ","9320","-50","-0.53",,,,,"21844","0.43","150","1.61"
"082640","동양생명 ","10100","50","0.50","1492","6.77",,,"14816","0.68","350","3.47"
"001525","동양우 ","375","0","0.00",,,,,,,"0","0.00"
"003470","동양증권 ","2365","-10","-0.42",,,,,"9516","0.25","50","2.11"
"003475","동양증권1우 ","1265","25","2.02",,,,,,,"100","7.91"
"008970","동양철관 ","1350","-20","-1.46","32","42.19",,,"1328","1.02","0","0.00"
"008975","동양철관우 ","31900","-700","-2.15",,,,,,,"0","0.00"
"003580","동원 ","4290","105","2.51",,,,,"6675","0.64","0","0.00"
"049770","동원F&B ","164000","0","0.00","5484","29.91",,,"102961","1.59","1500","0.91"
"018500","동원금속 ","1825","20","1.11","170","10.74",,,"1800","1.01","50","2.74"
"006040","동원산업 ","337500","5500","1.66","30497","11.07",,,"165295","2.04","3000","0.89"
"030720","동원수산 ","8660","-130","-1.48","660","13.12",,,"13750","0.63","250","2.89"
"014820","동원시스템즈 ","9350","0","0.00",,,,,"6910","1.35","0","0.00"
"014825","동원시스템즈우 ","7950","-50","-0.63",,,,,,,"0","0.00"
"163560","동일고무벨트 ","8120","160","2.01",,,,,"10146","0.80","40","0.49"
"001530","동일방직 ","66500","-200","-0.30",,,,,"237664","0.28","750","1.13"
"004890","동일산업 ","50300","-100","-0.20","12313","4.09",,,"127379","0.39","1250","2.49"
"019300","동일제지 ","2210","-10","-0.45","347","6.37",,,"5242","0.42","25","1.13"
"000020","동화약품 ","5190","100","1.96","47","110.43",,,"8127","0.64","80","1.54"
"000150","두산 ","138000","-1500","-1.08","3871","35.65",,,"112228","1.23","3500","2.54"
"000157","두산2우B ","62900","-300","-0.47",,,,,,,"3500","5.56"
"011160","두산건설 ","14700","-250","-1.67",,,,,"33780","0.44","0","0.00"
"082740","두산엔진 ","8390","180","2.19","2739","3.06",,,"10759","0.78","0","0.00"
"000155","두산우 ","66800","1200","1.83",,,,,,,"3550","5.31"
"042670","두산인프라코어 ","13450","300","2.28","2075","6.48",,,"14506","0.93","0","0.00"
"034020","두산중공업 ","36200","250","0.70","427","84.78",,,"42566","0.85","750","2.07"
"024090","디씨엠 ","11250","100","0.90","1167","9.64",,,"11808","0.95","600","5.33"
"003160","디아이 ","10700","0","0.00","59","181.36",,,"3329","3.21","0","0.00"
"092200","디아이씨 ","4200","50","1.20","18","233.33",,,"6326","0.66","50","1.19"
"007120","디올메디바이오 ","2160","55","2.61","18","120.00",,,"1088","1.99","0","0.00"
"026890","디피씨 ","2910","60","2.11","421","6.91",,,"2423","1.20","50","1.72"
"115390","락앤락 ","17200","500","2.99","1100","15.64",,,"10633","1.62","80","0.47"
"006490","로엔케이 ","1485","5","0.34",,,,,"306","4.85","0","0.00"
"000420","로케트전기 ","454","-3","-0.66",,,,,"2652","0.17","0","0.00"
"000425","로케트전우 ","2305","20","0.88",,,,,,,"0","0.00"
"032350","롯데관광개발 ","9500","160","1.71",,,,,,,"0","0.00"
"000400","롯데손해보험 ","3595","30","0.84",,,,,"4258","0.84","0","0.00"
"023530","롯데쇼핑 ","337500","-5000","-1.46","37195","9.07",,,"472466","0.71","1500","0.44"
"004990","롯데제과 ","1802000","-37000","-2.01","65102","27.68",,,"1903486","0.95","4000","0.22"
"005300","롯데칠성 ","1520000","19000","1.27","61145","24.86",,,"1668321","0.91","3500","0.23"
"005305","롯데칠성우 ","598000","6000","1.01",,,,,,,"3550","0.59"
"011170","롯데케미칼 ","203000","-500","-0.25","9865","20.58",,,"176320","1.15","1000","0.49"
"002270","롯데푸드 ","759000","-6000","-0.78","48316","15.71",,,"467328","1.62","1250","0.16"
"071840","롯데하이마트 ","79200","-1700","-2.10","2947","26.87",,,"62454","1.27","250","0.32"
"079430","리바트 ","14300","-250","-1.72","215","66.51",,,"10912","1.31","60","0.42"
"027740","마니커 ","685","7","1.03",,,,,"1091","0.63","0","0.00"
"060980","만도 ","132500","-2500","-1.85","9065","14.62",,,"82640","1.60","1000","0.75"
"001080","만호제강 ","15500","100","0.65","1653","9.38",,,"51209","0.30","150","0.97"
"138040","메리츠금융지주 ","7350","40","0.55","487","15.09",,,"8368","0.88","75","1.02"
"008560","메리츠종금증권 ","1830","-10","-0.54","204","8.97",,,"2302","0.79","85","4.64"
"000060","메리츠화재 ","15050","150","1.01","1358","11.08",,,"11226","1.34","300","1.99"
"017180","명문제약 ","2390","0","0.00",,,,,"3847","0.62","0","0.00"
"012690","모나리자 ","2615","-75","-2.79","257","10.18",,,"1335","1.96","25","0.96"
"005360","모나미 ","2115","-5","-0.24",,,,,"4186","0.51","50","2.36"
"009680","모토닉 ","11450","-50","-0.43","1154","9.92",,,"10596","1.08","250","2.18"
"009580","무림P&P ","5420","0","0.00","468","11.58",,,"8969","0.60","250","4.61"
"009200","무림페이퍼 ","2965","55","1.89",,,,,"7941","0.37","0","0.00"
"033920","무학 ","19600","-350","-1.75","1309","14.97",,,"10872","1.80","50","0.26"
"008420","문배철강 ","2090","35","1.70","132","15.83",,,"3972","0.53","50","2.39"
"025560","미래산업 ","261","-6","-2.25",,,,,"120","2.18","0","0.00"
"037620","미래에셋증권 ","37950","2450","6.90","3223","11.77",,,"49933","0.76","1000","2.64"
"002840","미원상사 ","176000","3500","2.03","20243","8.69",,,"118474","1.49","1800","1.02"
"107590","미원에스씨 ","326000","7500","2.35","39282","8.30",,,"166110","1.96","0","0.00"
"134380","미원화학 ","35250","50","0.14","3364","10.48",,,"22239","1.59","0","0.00"
"003650","미창석유 ","73400","900","1.24","14316","5.13",,,"96553","0.76","2300","3.13"
"003610","방림 ","13800","-100","-0.72","371","37.20",,,"40488","0.34","250","1.81"
"001340","백광산업 ","2300","-70","-2.95","40","57.50",,,"6814","0.34","15","0.65"
"014580","백광소재 ","21900","100","0.46","3157","6.94",,,"37457","0.58","1000","4.57"
"035150","백산 ","4525","80","1.80","496","9.12",,,"3752","1.21","60","1.33"
"002410","범양건영 ","604000","0","0.00",,,,,"168625","3.58","0","0.00"
"084870","베이직하우스 ","28100","1300","4.85","693","40.55",,,"8876","3.17","0","0.00"
"007210","벽산 ","2805","205","7.88","87","32.24",,,"2441","1.15","130","4.63"
"002530","벽산건설 ","5040","0","0.00",,,,,,,"0","0.00"
"002535","벽산건설우 ","204000","0","0.00",,,,,,,"0","0.00"
"002760","보락 ","2900","15","0.52","160","18.13",,,"3215","0.90","40","1.38"
"003850","보령제약 ","38600","400","1.05","1324","29.15",,,"19945","1.94","150","0.39"
"004740","보루네오 ","1580","-65","-3.95",,,,,"4263","0.37","0","0.00"
"000890","보해양조 ","669","-1","-0.15",,,,,"1071","0.62","0","0.00"
"000895","보해양조우 ","31550","-50","-0.16",,,,,,,"0","0.00"
"003000","부광약품 ","13800","-150","-1.08","593","23.27",,,"6629","2.08","500","3.62"
"001270","부국증권 ","12500","-150","-1.19","612","20.42",,,"28449","0.44","500","4.00"
"001275","부국증권우 ","9820","-20","-0.20",,,,,,,"550","5.60"
"026940","부국철강 ","2080","10","0.48","305","6.82",,,"5227","0.40","75","3.61"
"015350","부산가스 ","39800","1550","4.05","3727","10.68",,,"37308","1.07","1000","2.51"
"011390","부산산업 ","23600","-100","-0.42",,,,,"28739","0.82","0","0.00"
"005030","부산주공 ","1295","-5","-0.38",,,,,"3828","0.34","40","3.09"
"100220","비상교육 ","11450","-300","-2.55","1352","8.47",,,"10688","1.07","110","0.96"
"005180","빙그레 ","97800","0","0.00","5735","17.05",,,"44224","2.21","1400","1.43"
"003960","사조대림 ","10700","-250","-2.28",,,,,"23800","0.45","0","0.00"
"003965","사조대림우 ","171500","1000","0.59",,,,,,,"0","0.00"
"007160","사조산업 ","29200","800","2.82","2478","11.78",,,"56181","0.52","0","0.00"
"014710","사조씨푸드 ","5100","270","5.59","737","6.92",,,"8924","0.57","0","0.00"
"006090","사조오양 ","8020","0","0.00","132","60.76",,,"16514","0.49","0","0.00"
"079660","사조해표 ","7300","-30","-0.41","384","19.01",,,"16802","0.43","0","0.00"
"005090","삼광글라스 ","51700","-800","-1.52","3207","16.12",,,"49445","1.05","750","1.45"
"005610","삼립식품 ","67000","500","0.75","1264","53.01",,,"20609","3.25","375","0.56"
"001470","삼부토건 ","7010","40","0.57",,,,,"17263","0.41","0","0.00"
"006400","삼성SDI ","149500","-5000","-3.24","33885","4.41",,,"156291","0.96","1500","1.00"
"006405","삼성SDI우 ","76200","-800","-1.04",,,,,,,"1550","2.03"
"006660","삼성공조 ","8710","-40","-0.46","490","17.78",,,"20135","0.43","60","0.69"
"000830","삼성물산 ","62900","-700","-1.10","3049","20.63",,,"72035","0.87","500","0.79"
"000835","삼성물산우 ","33700","250","0.75",,,,,,,"550","1.63"
"032830","삼성생명 ","101000","-500","-0.49","5058","19.97",,,"108358","0.93","1500","1.49"
"028050","삼성엔지니어링 ","75100","-1800","-2.34","14173","5.30",,,"43487","1.73","3000","3.99"
"009150","삼성전기 ","67800","-600","-0.88","5685","11.93",,,"50185","1.35","1000","1.47"
"009155","삼성전기우 ","34350","-150","-0.43",,,,,,,"1050","3.06"
"005930","삼성전자 ","1349000","8000","0.60","154020","8.76",,,"688251","1.96","8000","0.59"
"005935","삼성전자우 ","1063000","29000","2.80",,,,,,,"8050","0.76"
"004000","삼성정밀화학 ","41300","500","1.23","2878","14.35",,,"44703","0.92","650","1.57"
"001360","삼성제약 ","2400","-20","-0.83",,,,,"3496","0.69","0","0.00"
"010140","삼성중공업 ","31900","-1700","-5.06","3673","8.68",,,"22869","1.39","500","1.57"
"010145","삼성중공우 ","30000","-200","-0.66",,,,,,,"550","1.83"
"016360","삼성증권 ","39600","1100","2.86","2121","18.67",,,"43732","0.91","650","1.64"
"068290","삼성출판사 ","5100","460","9.91","384","13.28",,,"7079","0.72","100","1.96"
"029780","삼성카드 ","33600","-150","-0.44","6182","5.44",,,"51188","0.66","700","2.08"
"012450","삼성테크윈 ","52700","500","0.96","2467","21.36",,,"29655","1.78","500","0.95"
"000810","삼성화재 ","235500","3000","1.29","17775","13.25",,,"176910","1.33","3750","1.59"
"000815","삼성화재우 ","171000","1000","0.59",,,,,,,"3755","2.20"
"006110","삼아알미늄 ","2795","-5","-0.18","251","11.14",,,"9953","0.28","75","2.68"
"145990","삼양사 ","46900","450","0.97","6119","7.66",,,"92646","0.51","500","1.07"
"145995","삼양사우 ","27850","-950","-3.30",,,,,,,"550","1.97"
"003230","삼양식품 ","29700","400","1.37","729","40.74",,,"21083","1.41","0","0.00"
"008720","삼양엔텍 ","19500","-450","-2.26","1514","12.88",,,"41932","0.47","250","1.28"
"003940","삼양제넥스 ","94500","1500","1.61","11053","8.55",,,"156250","0.60","2000","2.12"
"003945","삼양제넥우 ","45400","0","0.00",,,,,,,"2050","4.52"
"002170","삼양통상 ","27800","400","1.46","1998","13.91",,,"70979","0.39","750","2.70"
"000070","삼양홀딩스 ","73300","1700","2.37","19283","3.80",,,"153435","0.48","1500","2.05"
"000075","삼양홀딩스우 ","35000","600","1.74",,,,,,,"1550","4.43"
"002810","삼영무역 ","18350","-500","-2.65","1374","13.36",,,"12540","1.46","125","0.68"
"005680","삼영전자 ","10300","300","3.00","431","23.90",,,"21315","0.48","200","1.94"
"004920","삼영홀딩스 ","767","1","0.13",,,,,"983","0.78","0","0.00"
"003720","삼영화학 ","2355","15","0.64","180","13.08",,,"3700","0.64","50","2.12"
"023000","삼원강재 ","3970","85","2.19","466","8.52",,,"3753","1.06","110","2.77"
"004380","삼익THK ","8890","190","2.18","459","19.37",,,"5617","1.58","250","2.81"
"002450","삼익악기 ","2070","-10","-0.48","109","18.99",,,"2039","1.02","0","0.00"
"000520","삼일제약 ","5700","-20","-0.35",,,,,"11432","0.50","150","2.63"
"009770","삼정펄프 ","44150","0","0.00","6746","6.54",,,"56811","0.78","800","1.81"
"005500","삼진제약 ","17000","-400","-2.30","817","20.81",,,"8111","2.10","300","1.76"
"004690","삼천리 ","120000","-2000","-1.64","11140","10.77",,,"282762","0.42","3000","2.50"
"001880","삼호 ","7500","-10","-0.13",,,,,"5672","1.32","0","0.00"
"010960","삼호개발 ","3085","-25","-0.80","361","8.55",,,"4764","0.65","90","2.92"
"004450","삼화왕관 ","26400","350","1.34","4088","6.46",,,"47429","0.56","1150","4.36"
"009470","삼화전기 ","5700","20","0.35","233","24.46",,,"4046","1.41","50","0.88"
"011230","삼화전자 ","1620","50","3.18",,,,,"727","2.23","0","0.00"
"001820","삼화콘덴서 ","5860","-90","-1.51","248","23.63",,,"5132","1.14","50","0.85"
"000390","삼화페인트 ","12350","-550","-4.26","777","15.89",,,"9895","1.25","250","2.02"
"000360","삼환기업 ","3530","-40","-1.12",,,,,"27582","0.13","0","0.00"
"000365","삼환기업우 ","1950","-10","-0.51",,,,,,,"0","0.00"
"013700","삼환까뮤 ","4590","90","2.00",,,,,"9028","0.51","0","0.00"
"041650","상신브레이크 ","5630","80","1.44","484","11.63",,,"3772","1.49","130","2.31"
"075180","새론오토모티브 ","10300","-50","-0.48","595","17.31",,,"7098","1.45","180","1.75"
"007540","샘표식품 ","26250","-600","-2.23","2453","10.70",,,"30845","0.85","300","1.14"
"017390","서울가스 ","123500","-1500","-1.20","16688","7.40",,,"143740","0.86","1250","1.01"
"004410","서울식품 ","2430","90","3.85","73","33.29",,,"1792","1.36","0","0.00"
"004415","서울식품우 ","15600","100","0.65",,,,,,,"0","0.00"
"021050","서원 ","1590","0","0.00","321","4.95",,,"4201","0.38","50","3.14"
"008490","서흥캅셀 ","34000","-250","-0.73",,,,,"15320","2.22","150","0.44"
"007610","선도전기 ","2530","5","0.20","69","36.67",,,"4097","0.62","10","0.40"
"136490","선진 ","25500","0","0.00","3709","6.88",,,"14277","1.79","100","0.39"
"002820","선창산업 ","7300","-160","-2.14",,,,,"25313","0.29","80","1.10"
"014910","성문전자 ","1555","-25","-1.58",,,,,"2336","0.67","5","0.32"
"014915","성문전자우 ","2180","20","0.93",,,,,,,"15","0.69"
"003080","성보화학 ","30200","-50","-0.17","1485","20.34",,,"43725","0.69","1000","3.31"
"004980","성신양회 ","10150","-250","-2.40","180","56.39",,,"16128","0.63","0","0.00"
"004987","성신양회2우B ","8430","30","0.36",,,,,,,"0","0.00"
"004989","성신양회3우B ","8320","0","0.00",,,,,,,"0","0.00"
"004985","성신양회우 ","4225","0","0.00",,,,,,,"0","0.00"
"011300","성안 ","657","10","1.55","73","9.00",,,"1429","0.46","0","0.00"
"005980","성지건설 ","8410","240","2.94","1001","8.40",,,"6284","1.34","0","0.00"
"000180","성창기업지주 ","20400","250","1.24","22625","0.90",,,"42895","0.48","0","0.00"
"002420","세기상사 ","27300","-450","-1.62",,,,,"74535","0.37","0","0.00"
"004360","세방 ","18650","50","0.27","2356","7.92",,,"26523","0.70","175","0.94"
"004367","세방2우B ","17200","-100","-0.58",,,,,,,"180","1.05"
"004365","세방우 ","6300","-80","-1.25",,,,,,,"180","2.86"
"004490","세방전지 ","51600","1000","1.98","6991","7.38",,,"41823","1.23","350","0.68"
"001430","세아베스틸 ","24050","50","0.21","3336","7.21",,,"37636","0.64","900","3.74"
"003030","세아제강 ","107500","1500","1.42","16610","6.47",,,"163992","0.66","1500","1.40"
"019440","세아특수강 ","26100","-200","-0.76","2481","10.52",,,"24629","1.06","600","2.30"
"058650","세아홀딩스 ","99700","1300","1.32","18411","5.42",,,"347834","0.29","1750","1.76"
"013000","세우글로벌 ","1115","0","0.00","57","19.56",,,"1235","0.90","0","0.00"
"013005","세우글로벌우 ","128500","1500","1.18",,,,,,,"0","0.00"
"091090","세원셀론텍 ","2560","0","0.00","15","170.67",,,"3020","0.85","0","0.00"
"021820","세원정공 ","28700","0","0.00","5620","5.11",,,"39943","0.72","100","0.35"
"067830","세이브존I&C ","4875","30","0.62","478","10.20",,,"6479","0.75","30","0.62"
"033530","세종공업 ","15850","-150","-0.94","2272","6.98",,,"15405","1.03","130","0.82"
"027970","세하 ","402","52","14.86","1099","0.37",,,"1945","0.21","0","0.00"
"004430","송원산업 ","10350","-350","-3.27","858","12.06",,,"11900","0.87","80","0.77"
"017550","수산중공업 ","1185","0","0.00","236","5.02",,,"1551","0.76","25","2.11"
"002200","수출포장 ","20900","-200","-0.95","6492","3.22",,,"52820","0.40","750","3.59"
"003060","슈넬생명과학 ","441","0","0.00",,,,,"577","0.76","0","0.00"
"053210","스카이라이프 ","27100","400","1.50","1174","23.08",,,"7220","3.75","350","1.29"
"016590","신대양제지 ","26400","1150","4.55","7483","3.53",,,"64483","0.41","500","1.89"
"029530","신도리코 ","62500","2000","3.31","5209","12.00",,,"81384","0.77","2500","4.00"
"004970","신라교역 ","25050","650","2.66","4388","5.71",,,"24837","1.01","250","1.00"
"011930","신성솔라에너지 ","1340","0","0.00",,,,,"1179","1.14","0","0.00"
"104120","신성에프에이 ","775","-23","-2.88",,,,,"1575","0.49","0","0.00"
"104110","신성이엔지 ","1570","-70","-4.27",,,,,"2253","0.70","0","0.00"
"005390","신성통상 ","960","-5","-0.52","1","960.00",,,"1415","0.68","0","0.00"
"004170","신세계 ","225500","-6500","-2.80","16429","13.73",,,"224187","1.01","1000","0.44"
"035510","신세계 I&C ","78600","0","0.00","8726","9.01",,,"82457","0.95","1000","1.27"
"034300","신세계건설 ","11150","200","1.83","327","34.10",,,"40035","0.28","500","4.48"
"031430","신세계인터내셔날 ","76900","800","1.05","7003","10.98",,,"57062","1.35","600","0.78"
"031440","신세계푸드 ","92500","4300","4.88","8077","11.45",,,"59225","1.56","750","0.81"
"006880","신송홀딩스 ","11200","700","6.67","1131","9.90",,,"13282","0.84","0","0.00"
"005800","신영와코루 ","104500","3000","2.96","12679","8.24",,,"298262","0.35","1500","1.44"
"001720","신영증권 ","40000","0","0.00","6867","5.82",,,"55001","0.73","2000","5.00"
"001725","신영증권우 ","37700","50","0.13",,,,,,,"2050","5.44"
"025620","신우 ","893","-38","-4.08",,,,,"1530","0.58","0","0.00"
"009270","신원 ","1380","-40","-2.82",,,,,"2881","0.48","0","0.00"
"009275","신원우 ","11500","50","0.44",,,,,,,"0","0.00"
"014350","신일건업 ","14500","0","0.00",,,,,,,"0","0.00"
"002700","신일산업 ","1775","10","0.57","23","77.17",,,"528","3.36","0","0.00"
"019170","신풍제약 ","4750","10","0.21","369","12.87",,,"4263","1.11","60","1.26"
"019175","신풍제약우 ","3195","10","0.31","378","8.45",,,,,"75","2.35"
"002870","신풍제지 ","7490","10","0.13",,,,,"26371","0.28","1000","13.35"
"005450","신한 ","4700","-5","-0.11",,,,,"12963","0.36","0","0.00"
"055550","신한지주 ","44450","0","0.00","4686","9.49",,,"54215","0.82","700","1.57"
"001770","신화실업 ","10800","-350","-3.14","473","22.83",,,"32976","0.33","300","2.78"
"004080","신흥 ","6660","-10","-0.15","105","63.43",,,"7974","0.84","200","3.00"
"102280","쌍방울 ","678","-5","-0.73","41","16.54",,,"919","0.74","0","0.00"
"047400","쌍용머티리얼 ","2030","15","0.74","99","20.51",,,"2072","0.98","35","1.72"
"003410","쌍용양회 ","8770","-50","-0.57","416","21.08",,,"13637","0.64","0","0.00"
"003419","쌍용양회3우B ","7120","-130","-1.79",,,,,,,"0","0.00"
"003415","쌍용양회우 ","3930","-30","-0.76",,,,,,,"0","0.00"
"003620","쌍용차 ","8300","10","0.12",,,,,"6527","1.27","0","0.00"
"004770","써니전자 ","3900","-75","-1.89",,,,,"950","4.11","0","0.00"
"008700","아남전자 ","673","-2","-0.30",,,,,"874","0.77","0","0.00"
"008705","아남전자우 ","24850","-100","-0.40",,,,,,,"0","0.00"
"002790","아모레G ","500000","8000","1.63","19088","26.19",,,"222543","2.25","2250","0.45"
"002797","아모레G2우B ","553000","0","0.00",,,,,,,"2250","0.41"
"002795","아모레G우 ","257000","1500","0.59",,,,,,,"2300","0.89"
"090430","아모레퍼시픽 ","1174000","38000","3.35","39080","30.04",,,"338123","3.47","6500","0.55"
"090435","아모레퍼시픽우 ","510000","12000","2.41",,,,,,,"6550","1.28"
"090370","아비스타 ","6830","80","1.19",,,,,"4545","1.50","30","0.44"
"002030","아세아 ","134000","-1000","-0.74","12291","10.90",,,"184694","0.73","1000","0.75"
"183190","아세아시멘트 ","96800","-800","-0.82",,,,,,,"0","0.00"
"002310","아세아제지 ","19600","0","0.00","5365","3.65",,,"41561","0.47","600","3.06"
"020560","아시아나항공 ","5120","-80","-1.54","317","16.15",,,"5128","1.00","0","0.00"
"122900","아이마켓코리아 ","31550","-50","-0.16","1073","29.40",,,"8843","3.57","250","0.79"
"010780","아이에스동서 ","20350","250","1.24","175","116.29",,,"14110","1.44","0","0.00"
"033660","아주캐피탈 ","4795","35","0.74","92","52.12",,,"11340","0.42","300","6.26"
"101140","아티스 ","995","-2","-0.20",,,,,"403","2.47","0","0.00"
"161000","애경유화 ","59700","2400","4.19",,,,,"42865","1.39","500","0.84"
"011090","에넥스 ","1280","65","5.35",,,,,"723","1.77","0","0.00"
"093240","에리트베이직 ","2575","10","0.39","302","8.53",,,"4792","0.54","125","4.85"
"005850","에스엘 ","16600","150","0.91","1715","9.68",,,"17351","0.96","150","0.90"
"012750","에스원 ","81400","0","0.00","2987","27.25",,,"20352","4.00","1250","1.54"
"023960","에쓰씨엔지니어링 ","1550","-95","-5.78",,,,,"4237","0.37","50","3.23"
"078520","에이블씨엔씨 ","34250","1250","3.79","3789","9.04",,,"13427","2.55","500","1.46"
"015260","에이엔피 ","1070","5","0.47","54","19.81",,,"1519","0.70","0","0.00"
"036570","엔씨소프트 ","191000","-5500","-2.80","7830","24.39",,,"45691","4.18","600","0.31"
"085310","엔케이 ","4290","65","1.54",,,,,"4638","0.92","50","1.17"
"069640","엠케이트렌드 ","10350","590","6.05","783","13.22",,,"11417","0.91","200","1.93"
"014440","영보화학 ","3945","55","1.41","258","15.29",,,"4401","0.90","50","1.27"
"111770","영원무역 ","36450","-350","-0.95","2909","12.53",,,"15724","2.32","200","0.55"
"009970","영원무역홀딩스 ","73900","2400","3.36","7465","9.90",,,"37048","1.99","500","0.68"
"003520","영진약품 ","1730","-30","-1.70","10","173.00",,,"513","3.37","0","0.00"
"000670","영풍 ","1220000","-18000","-1.45","161280","7.56",,,"1184142","1.03","7500","0.61"
"006740","영풍제지 ","17850","300","1.71","4452","4.01",,,"45770","0.39","2000","11.20"
"012280","영화금속 ","984","-11","-1.11","122","8.07",,,"944","1.04","20","2.03"
"012160","영흥철강 ","2350","-20","-0.84","87","27.01",,,"3179","0.74","40","1.70"
"015360","예스코 ","39000","1950","5.26","5430","7.18",,,"95408","0.41","1350","3.46"
"007310","오뚜기 ","400500","4500","1.14","22130","18.10",,,"188771","2.12","3000","0.75"
"002630","오리엔트바이오 ","547","-2","-0.36","9","60.78",,,"617","0.89","0","0.00"
"001800","오리온 ","893000","-5000","-0.56","28841","30.96",,,"164993","5.41","3000","0.34"
"010600","와이비로드 ","1465","-20","-1.35",,,,,"2915","0.50","0","0.00"
"053000","우리금융 ","12050","-150","-1.23","1931","6.24",,,"23158","0.52","250","2.07"
"118000","우리들생명과학 ","327","0","0.00",,,,,"281","1.16","0","0.00"
"004720","우리들제약 ","410","-6","-1.44",,,,,"325","1.26","0","0.00"
"010050","우리종금 ","543","-4","-0.73",,,,,,,"0","0.00"
"005940","우리투자증권 ","9220","190","2.10","428","21.54",,,"15929","0.58","100","1.08"
"005945","우리투자증권우 ","4750","85","1.82",,,,,,,"150","3.16"
"021960","우리파이낸셜 ","21800","-400","-1.80","2867","7.60",,,"17312","1.26","590","2.71"
"006980","우성사료 ","2790","-10","-0.36","277","10.07",,,"5497","0.51","60","2.15"
"017370","우신시스템 ","2515","10","0.40","429","5.86",,,"5312","0.47","60","2.39"
"105840","우진 ","8430","-260","-2.99","410","20.56",,,"5703","1.48","188","2.23"
"049800","우진플라임 ","5040","170","3.49","694","7.26",,,"7609","0.66","0","0.00"
"095720","웅진씽크빅 ","6620","10","0.15",,,,,"6815","0.97","0","0.00"
"103130","웅진에너지 ","2190","-40","-1.79",,,,,"2156","1.02","0","0.00"
"008000","웅진케미칼 ","11000","600","5.77","170","64.71",,,"6590","1.67","0","0.00"
"016880","웅진홀딩스 ","2975","-25","-0.83",,,,,,,"0","0.00"
"005820","원림 ","14100","0","0.00","2013","7.00",,,"30175","0.47","400","2.84"
"008600","윌비스 ","1055","0","0.00",,,,,"2124","0.50","0","0.00"
"033270","유나이티드제약 ","11800","-150","-1.26","1135","10.40",,,"8461","1.39","120","1.02"
"014830","유니드 ","62300","300","0.48","1187","52.49",,,"71157","0.88","750","1.20"
"000910","유니온 ","5280","0","0.00","363","14.55",,,"12381","0.43","60","1.14"
"003640","유니온스틸 ","14950","50","0.34",,,,,"65200","0.23","100","0.67"
"011330","유니켐 ","425","-12","-2.75",,,,,"243","1.75","0","0.00"
"077500","유니퀘스트 ","16200","150","0.93","1524","10.63",,,"8900","1.82","0","0.00"
"002920","유성기업 ","4400","-20","-0.45","842","5.23",,,"7821","0.56","130","2.95"
"011690","유양디앤유 ","870","-28","-3.12",,,,,"1009","0.86","0","0.00"
"072130","유엔젤 ","3805","0","0.00",,,,,"5225","0.73","150","3.94"
"000220","유유제약 ","6810","40","0.59","602","11.31",,,"9738","0.70","160","2.35"
"000225","유유제약1우 ","3050","30","0.99",,,,,,,"170","5.57"
"000227","유유제약2우B ","6230","0","0.00",,,,,,,"170","2.73"
"001200","유진투자증권 ","2230","90","4.21",,,,,"8540","0.26","0","0.00"
"000100","유한양행 ","197500","1500","0.77","7716","25.60",,,"104333","1.89","1250","0.63"
"000105","유한양행우 ","94500","900","0.96",,,,,,,"1300","1.38"
"003460","유화증권 ","12150","150","1.25","1018","11.94",,,"31604","0.38","600","4.94"
"003465","유화증권우 ","10750","-150","-1.38",,,,,,,"650","6.05"
"008730","율촌화학 ","12900","-200","-1.53","912","14.14",,,"12265","1.05","500","3.88"
"008250","이건산업 ","16450","200","1.23","564","29.17",,,"15658","1.05","0","0.00"
"025820","이구산업 ","1255","15","1.21",,,,,"3476","0.36","0","0.00"
"139480","이마트 ","254000","-10500","-3.97","15243","16.66",,,"216082","1.18","1500","0.59"
"007660","이수페타시스 ","5100","-800","-13.56","500","10.20",,,"4088","1.25","90","1.76"
"005950","이수화학 ","14000","-200","-1.41","1576","8.88",,,"30403","0.46","450","3.21"
"015020","이스타코 ","2015","15","0.75",,,,,"779","2.59","0","0.00"
"074610","이엔쓰리 ","670","12","1.82",,,,,"554","1.21","0","0.00"
"102460","이연제약 ","20700","-100","-0.48","1317","15.72",,,"9795","2.11","200","0.97"
"084680","이월드 ","1150","40","3.60",,,,,"1207","0.95","0","0.00"
"093230","이필름 ","2270","30","1.34",,,,,"1295","1.75","0","0.00"
"000760","이화산업 ","9500","0","0.00","374","25.40",,,"38013","0.25","0","0.00"
"014990","인디에프 ","648","-13","-1.97",,,,,"1621","0.40","0","0.00"
"023800","인지컨트롤스 ","4740","0","0.00","1025","4.62",,,"12175","0.39","100","2.11"
"034590","인천도시가스 ","27250","-50","-0.18","2555","10.67",,,"33116","0.82","1250","4.59"
"129260","인터지스 ","7020","20","0.29",,,,,"12710","0.55","120","1.71"
"023810","인팩 ","7710","30","0.39","903","8.54",,,"6404","1.20","100","1.30"
"000230","일동제약 ","13750","-50","-0.36","697","19.73",,,"12918","1.06","150","1.09"
"013360","일성건설 ","6020","40","0.67",,,,,"24389","0.25","150","2.49"
"013367","일성건설2우B ","36050","4700","14.99",,,,,,,"250","0.69"
"003120","일성신약 ","75900","-100","-0.13","26405","2.87",,,"119571","0.63","300","0.40"
"003200","일신방직 ","132000","-2000","-1.49","4598","28.71",,,"249402","0.53","750","0.57"
"007110","일신석재 ","1145","35","3.15","11","104.09",,,"720","1.59","0","0.00"
"007570","일양약품 ","27850","-50","-0.18","122","228.28",,,"9917","2.81","100","0.36"
"007575","일양약품우 ","17450","600","3.56",,,,,,,"125","0.72"
"008500","일정실업 ","21250","0","0.00","3958","5.37",,,"42251","0.50","1250","5.88"
"081000","일진다이아 ","9950","730","7.92","695","14.32",,,"6049","1.64","100","1.01"
"020760","일진디스플 ","16300","700","4.49","2344","6.95",,,"5501","2.96","200","1.23"
"020150","일진머티리얼즈 ","12850","250","1.98",,,,,"6916","1.86","0","0.00"
"103590","일진전기 ","8620","-30","-0.35",,,,,"8539","1.01","50","0.58"
"015860","일진홀딩스 ","6220","-30","-0.48",,,,,"4889","1.27","30","0.48"
"033240","자화전자 ","17000","450","2.72","2745","6.19",,,"10785","1.58","300","1.76"
"000950","전방 ","29200","-650","-2.18",,,,,"115259","0.25","0","0.00"
"030000","제일기획 ","24450","-850","-3.36","867","28.20",,,"5917","4.13","0","0.00"
"001300","제일모직 ","68900","-800","-1.15","4124","16.71",,,"62060","1.11","750","1.09"
"002620","제일약품 ","16800","0","0.00","842","19.95",,,"16256","1.03","60","0.36"
"001560","제일연마 ","6300","20","0.32","725","8.69",,,"7572","0.83","160","2.54"
"006220","제주은행 ","5980","280","4.91","1232","4.85",,,"12558","0.48","50","0.84"
"004910","조광페인트 ","7150","-200","-2.72","1214","5.89",,,"9930","0.72","180","2.52"
"004700","조광피혁 ","50500","650","1.30","1696","29.78",,,"21030","2.40","0","0.00"
"001550","조비 ","13550","-250","-1.81",,,,,"5705","2.38","0","0.00"
"000480","조선내화 ","80500","-100","-0.12","10068","8.00",,,"138308","0.58","3500","4.35"
"120030","조선선재 ","48100","0","0.00","5949","8.09",,,"31888","1.51","0","0.00"
"018470","조일알미늄 ","944","-6","-0.63","128","7.38",,,"2462","0.38","20","2.12"
"002600","조흥 ","87000","-300","-0.34","13116","6.63",,,"157286","0.55","2500","2.87"
"185750","종근당 ","74500","-400","-0.53",,,,,,,"0","0.00"
"063160","종근당바이오 ","14800","300","2.07","1384","10.69",,,"23740","0.62","350","2.36"
"001630","종근당홀딩스 ","48150","-700","-1.43","2436","19.77",,,"25458","1.89","700","1.45"
"044380","주연테크 ","506","-6","-1.17",,,,,"643","0.79","0","0.00"
"007630","지에스인스트루 ","1140","-25","-2.15","50","22.80",,,"2103","0.54","0","0.00"
"013870","지엠비코리아 ","7610","-140","-1.81","831","9.16",,,"8885","0.86","120","1.58"
"071320","지역난방공사 ","69500","-1200","-1.70","12711","5.47",,,"131604","0.53","3750","5.40"
"010580","지코 ","601","1","0.17",,,,,"671","0.90","0","0.00"
"088790","진도 ","3500","25","0.72",,,,,"6752","0.52","0","0.00"
"003780","진양산업 ","2290","0","0.00","303","7.56",,,"2530","0.91","200","8.73"
"010640","진양폴리 ","2010","0","0.00","140","14.36",,,"1719","1.17","175","8.71"
"100250","진양홀딩스 ","2700","105","4.05","74","36.49",,,"4969","0.54","110","4.07"
"051630","진양화학 ","2485","-5","-0.20","197","12.61",,,"2119","1.17","100","4.02"
"002780","진흥기업 ","1710","-30","-1.72",,,,,"236","7.25","0","0.00"
"002787","진흥기업2우B ","2570","-70","-2.65",,,,,,,"0","0.00"
"002785","진흥기업우B ","1720","0","0.00",,,,,,,"0","0.00"
"009310","참엔지니어링 ","1910","-15","-0.78",,,,,"2452","0.78","0","0.00"
"000650","천일고속 ","37200","200","0.54","1276","29.15",,,"28810","1.29","0","0.00"
"012600","청호컴넷 ","3845","-25","-0.65","1446","2.66",,,"13696","0.28","0","0.00"
"033250","체시스 ","1390","-15","-1.07",,,,,"1945","0.71","20","1.44"
"006380","카프로 ","5610","-140","-2.43",,,,,"11425","0.49","250","4.46"
"029460","케이씨텍 ","6140","-60","-0.97","340","18.06",,,"5964","1.03","20","0.33"
"058860","케이티스 ","4885","45","0.93","532","9.18",,,"3573","1.37","100","2.05"
"007815","코리아써우 ","4090","-55","-1.33",,,,,,,"0","0.00"
"007810","코리아써키트 ","11750","-350","-2.89","1899","6.19",,,"11186","1.05","0","0.00"
"00781K","코리아써키트2우B ","4220","-45","-1.06",,,,,,,"0","0.00"
"003690","코리안리 ","11150","100","0.90","1209","9.22",,,"11756","0.95","250","2.24"
"044820","코스맥스 ","60000","0","0.00","1523","39.40",,,"5680","10.56","270","0.45"
"005070","코스모신소재 ","6900","0","0.00",,,,,"6295","1.10","0","0.00"
"005420","코스모화학 ","7860","-140","-1.75",,,,,"18001","0.44","0","0.00"
"071950","코아스 ","1495","40","2.75","16","93.44",,,"1866","0.80","0","0.00"
"002020","코오롱 ","18550","850","4.80","128","144.92",,,"55286","0.34","500","2.70"
"003070","코오롱글로벌 ","3230","80","2.54",,,,,"5075","0.64","0","0.00"
"003075","코오롱글로벌우 ","2015","15","0.75",,,,,,,"0","0.00"
"144620","코오롱머티리얼 ","15050","650","4.51","397","37.91",,,"22127","0.68","100","0.66"
"002025","코오롱우 ","9900","370","3.88",,,,,,,"550","5.56"
"120110","코오롱인더 ","53400","300","0.56","6728","7.94",,,"63018","0.85","900","1.69"
"120115","코오롱인더우 ","19100","-300","-1.55",,,,,,,"950","4.97"
"138490","코오롱플라스틱 ","4080","-10","-0.24","268","15.22",,,"3220","1.27","50","1.23"
"021240","코웨이 ","68300","-1500","-2.15","1267","53.91",,,"10179","6.71","0","0.00"
"031820","콤텍시스템 ","1195","-130","-9.81","211","5.66",,,"1703","0.70","30","2.51"
"005740","크라운제과 ","314500","3000","0.96","22219","14.15",,,"120358","2.61","1000","0.32"
"005745","크라운제우 ","119000","1000","0.85",,,,,,,"1050","0.88"
"012170","키스톤글로벌 ","492","16","3.36",,,,,"1176","0.42","0","0.00"
"039490","키움증권 ","53400","2200","4.30","2329","22.93",,,"37861","1.41","450","0.84"
"015890","태경산업 ","4640","-30","-0.64","605","7.67",,,"6993","0.66","150","3.23"
"006890","태경화학 ","5100","70","1.39","621","8.21",,,"6666","0.77","150","2.94"
"003240","태광산업 ","1389000","-10000","-0.71","39408","35.25",,,"2084539","0.67","1750","0.13"
"011280","태림포장 ","2090","-40","-1.88","484","4.32",,,"4868","0.43","25","1.20"
"004100","태양금속 ","7890","10","0.13","457","17.26",,,"22552","0.35","150","1.90"
"004105","태양금속우 ","4920","-10","-0.20",,,,,,,"200","4.07"
"009410","태영건설 ","5840","-110","-1.85","965","6.05",,,"10934","0.53","100","1.71"
"009415","태영건설우 ","2325","20","0.87",,,,,,,"105","4.52"
"001420","태원물산 ","2640","-90","-3.30","198","13.33",,,"3888","0.68","100","3.79"
"007980","태평양물산 ","3145","120","3.97",,,,,"3522","0.89","45","1.43"
"078000","텔코웨어 ","13800","-300","-2.13","1171","11.78",,,"8839","1.56","400","2.90"
"015540","트랜스더멀아시아홀딩스 ","589","-31","-5.00",,,,,"315","1.87","0","0.00"
"019180","티에이치엔 ","1290","-20","-1.53",,,,,"2117","0.61","40","3.10"
"004870","티웨이홀딩스 ","4075","-35","-0.85",,,,,"1793","2.27","0","0.00"
"008900","티이씨앤코 ","393","5","1.29",,,,,"331","1.19","0","0.00"
"134790","팀스 ","11700","250","2.18","1826","6.41",,,"12496","0.94","200","1.71"
"005690","파미셀 ","3945","-125","-3.07",,,,,"2427","1.63","0","0.00"
"101990","파브코 ","1400","10","0.72","66","21.21",,,"1803","0.78","0","0.00"
"036580","팜스코 ","11950","350","3.02","853","14.01",,,"6170","1.94","0","0.00"
"028670","팬오션 ","4515","-10","-0.22",,,,,"172113","0.03","0","0.00"
"010820","퍼스텍 ","2020","-120","-5.61","56","36.07",,,"1468","1.38","30","1.49"
"016800","퍼시스 ","30700","-600","-1.92","3036","10.11",,,"26392","1.16","700","2.28"
"001020","페이퍼코리아 ","603","10","1.69","31","19.45",,,"1174","0.51","0","0.00"
"090080","평화산업 ","1500","-10","-0.66",,,,,"1065","1.41","0","0.00"
"010770","평화홀딩스 ","2970","-20","-0.67",,,,,"10150","0.29","100","3.37"
"058430","포스코강판 ","14950","0","0.00",,,,,"29032","0.51","0","0.00"
"051310","포스코플랜텍 ","4920","-40","-0.81",,,,,"2376","2.07","0","0.00"
"017810","풀무원홀딩스 ","90800","-400","-0.44","2679","33.89",,,"59421","1.53","1020","1.12"
"103140","풍산 ","25900","100","0.39","2199","11.78",,,"34435","0.75","450","1.74"
"005810","풍산홀딩스 ","31100","500","1.63","5760","5.40",,,"62746","0.50","1000","3.22"
"033180","필룩스 ","1685","-15","-0.88","139","12.12",,,"2215","0.76","30","1.78"
"086790","하나금융지주 ","41700","800","1.96","6569","6.35",,,"64789","0.64","450","1.08"
"039130","하나투어 ","71100","100","0.14","3198","22.23",,,"13990","5.08","1000","1.41"
"071090","하이스틸 ","19350","-50","-0.26","1445","13.39",,,"67759","0.29","350","1.81"
"019490","하이트론 ","5860","-50","-0.85","52","112.69",,,"10399","0.56","0","0.00"
"000080","하이트진로 ","23500","600","2.62","1536","15.30",,,"19948","1.18","1250","5.32"
"000087","하이트진로2우B ","17050","200","1.19",,,,,,,"1300","7.62"
"000140","하이트진로홀딩스 ","12900","450","3.61","788","16.37",,,"29468","0.44","350","2.71"
"000145","하이트진로홀딩스우 ","8500","240","2.91",,,,,,,"400","4.71"
"036460","한국가스공사 ","69400","100","0.14","4882","14.22",,,"104795","0.66","1640","2.36"
"005430","한국공항 ","25350","450","1.81",,,,,"76204","0.33","500","1.97"
"071050","한국금융지주 ","38450","200","0.52","3196","12.03",,,"42880","0.90","600","1.56"
"071055","한국금융지주우 ","19450","-150","-0.77",,,,,,,"662","3.40"
"010040","한국내화 ","4530","590","14.97","571","7.93",,,"4059","1.12","50","1.10"
"025540","한국단자 ","40050","300","0.75","2872","13.94",,,"37995","1.05","300","0.75"
"004090","한국석유 ","71200","2200","3.19","5829","12.21",,,"158371","0.45","750","1.05"
"002960","한국쉘석유 ","396000","-2500","-0.63","23977","16.52",,,"66129","5.99","20000","5.05"
"002000","한국유리 ","17100","50","0.29",,,,,"48830","0.35","0","0.00"
"002005","한국유리우 ","10750","150","1.42",,,,,,,"0","0.00"
"015760","한국전력 ","37000","-600","-1.60",,,,,"77713","0.48","0","0.00"
"006200","한국전자홀딩스 ","918","1","0.11",,,,,"4864","0.19","0","0.00"
"002300","한국제지 ","25500","-200","-0.78","2317","11.01",,,"94595","0.27","450","1.76"
"023350","한국종합기술 ","5460","70","1.30","121","45.12",,,"10881","0.50","100","1.83"
"025890","한국주강 ","3550","-5","-0.14","424","8.37",,,"6305","0.56","0","0.00"
"000970","한국주철관 ","4000","20","0.50","322","12.42",,,"9491","0.42","175","4.38"
"104700","한국철강 ","27700","100","0.36","2008","13.79",,,"73922","0.37","900","3.25"
"017960","한국카본 ","7820","-300","-3.69","203","38.52",,,"5963","1.31","70","0.90"
"161890","한국콜마 ","29000","450","1.58",,,,,,,"0","0.00"
"024720","한국콜마홀딩스 ","14550","-400","-2.68","950","15.32",,,"10382","1.40","65","0.45"
"161390","한국타이어 ","62200","700","1.14",,,,,"25930","2.40","400","0.64"
"000240","한국타이어월드와이드 ","21500","-100","-0.46","30887","0.70",,,"29146","0.74","400","1.86"
"007280","한국특수형강 ","36100","0","0.00","3465","10.42",,,"120088","0.30","750","2.08"
"010100","한국프랜지 ","13500","350","2.66","1547","8.73",,,"33619","0.40","0","0.00"
"047810","한국항공우주 ","31400","300","0.96","760","41.32",,,"9106","3.45","200","0.64"
"123690","한국화장품 ","1515","-20","-1.30",,,,,"2495","0.61","0","0.00"
"003350","한국화장품제조 ","3350","-90","-2.62",,,,,"6104","0.55","0","0.00"
"011500","한농화성 ","5210","10","0.19","571","9.12",,,"4731","1.10","90","1.73"
"002390","한독 ","17000","50","0.29","497","34.21",,,"24763","0.69","150","0.88"
"014790","한라 ","5990","-290","-4.62",,,,,"24720","0.24","150","2.50"
"018880","한라비스테온공조 ","39750","150","0.38","2169","18.33",,,"13082","3.04","716","1.80"
"053690","한미글로벌 ","7260","-70","-0.95","649","11.19",,,"7195","1.01","200","2.75"
"042700","한미반도체 ","11600","450","4.04","1036","11.20",,,"7133","1.63","500","4.31"
"008930","한미사이언스 ","14500","250","1.75","234","61.97",,,"7556","1.92","0","0.00"
"128940","한미약품 ","136500","500","0.37","2550","53.53",,,"42819","3.19","0","0.00"
"009240","한샘 ","64800","6400","10.96","2139","30.29",,,"9125","7.10","600","0.93"
"020000","한섬 ","27200","-100","-0.37","2888","9.42",,,"28263","0.96","300","1.10"
"003680","한성기업 ","5900","-50","-0.84","764","7.72",,,"11377","0.52","0","0.00"
"105630","한세실업 ","18900","350","1.89","1316","14.36",,,"5856","3.23","120","0.63"
"016450","한세예스24홀딩스 ","5450","80","1.49","588","9.27",,,"4131","1.32","80","1.47"
"009180","한솔CSN ","3045","-45","-1.46","113","26.95",,,"2204","1.38","20","0.66"
"010420","한솔PNS ","1350","20","1.50","18","75.00",,,"1395","0.97","15","1.11"
"007190","한솔아트원제지 ","1945","0","0.00","24","81.04",,,"7784","0.25","0","0.00"
"007197","한솔아트원제지2우B ","5010","145","2.98",,,,,,,"0","0.00"
"007195","한솔아트원제지우 ","32700","-100","-0.30",,,,,,,"0","0.00"
"004150","한솔제지 ","12950","-100","-0.77","553","23.42",,,"17306","0.75","300","2.32"
"014680","한솔케미칼 ","30250","200","0.67","3398","8.90",,,"16050","1.88","500","1.65"
"004710","한솔테크닉스 ","22350","550","2.52",,,,,"12600","1.77","0","0.00"
"025750","한솔홈데코 ","1685","-35","-2.03","25","67.40",,,"1727","0.98","0","0.00"
"004960","한신공영 ","14150","-300","-2.08","1710","8.27",,,"39838","0.36","150","1.06"
"004965","한신공영우 ","184000","1000","0.55",,,,,,,"200","0.11"
"011700","한신기계 ","1290","-5","-0.39","155","8.32",,,"1598","0.81","45","3.49"
"001750","한양증권 ","6450","70","1.10","375","17.20",,,"19841","0.33","250","3.88"
"001755","한양증권우 ","5860","-10","-0.17",,,,,,,"300","5.12"
"009420","한올바이오파마 ","4270","235","5.82",,,,,"1909","2.24","0","0.00"
"014130","한익스프레스 ","24350","0","0.00","4391","5.55",,,"18271","1.33","0","0.00"
"003300","한일시멘트 ","107500","2500","2.38",,,,,"161621","0.67","1000","0.93"
"007860","한일이화 ","17900","-50","-0.28","1420","12.61",,,"10326","1.73","150","0.84"
"002220","한일철강 ","15050","-50","-0.33",,,,,"79298","0.19","250","1.66"
"051600","한전KPS ","64700","400","0.62","2620","24.69",,,"11812","5.48","1440","2.23"
"052690","한전기술 ","64400","700","1.10","3514","18.33",,,"11145","5.78","1932","3.00"
"130660","한전산업 ","4180","20","0.48","215","19.44",,,"1818","2.30","27","0.65"
"002320","한진 ","24950","-550","-2.16",,,,,"63003","0.40","400","1.60"
"097230","한진중공업 ","13100","-500","-3.68",,,,,"32645","0.40","0","0.00"
"003480","한진중공업홀딩스 ","11450","-50","-0.43",,,,,"37583","0.30","250","2.18"
"180640","한진칼 ","20700","50","0.24",,,,,,,"0","0.00"
"18064K","한진칼우 ","10600","300","2.91",,,,,,,"0","0.00"
"117930","한진해운 ","6710","-100","-1.47",,,,,"9924","0.68","0","0.00"
"000700","한진해운홀딩스 ","4330","-30","-0.69",,,,,"9072","0.48","0","0.00"
"005110","한창 ","464","14","3.11","36","12.89",,,"621","0.75","0","0.00"
"009460","한창제지 ","604","3","0.50","11","54.91",,,"817","0.74","0","0.00"
"000880","한화 ","36000","250","0.70","4459","8.07",,,"65985","0.55","450","1.25"
"088350","한화생명 ","6840","-100","-1.44","583","11.73",,,"8114","0.84","150","2.19"
"000370","한화손해보험 ","4835","-60","-1.23","525","9.21",,,"9455","0.51","0","0.00"
"000885","한화우 ","16100","100","0.63",,,,,,,"500","3.11"
"009830","한화케미칼 ","21000","-300","-1.41","209","100.48",,,"28964","0.73","250","1.19"
"009835","한화케미칼우 ","9100","20","0.22",,,,,,,"300","3.30"
"027390","한화타임월드 ","31900","0","0.00","6628","4.81",,,"40658","0.78","700","2.19"
"003530","한화투자증권 ","3630","10","0.28",,,,,"9330","0.39","0","0.00"
"003535","한화투자증권우 ","1945","45","2.37",,,,,,,"0","0.00"
"089470","현대EP ","7390","30","0.41","596","12.40",,,"4044","1.83","60","0.81"
"000720","현대건설 ","58400","-700","-1.18","4578","12.76",,,"40811","1.43","500","0.86"
"000725","현대건설우 ","37100","350","0.95",,,,,,,"550","1.48"
"005440","현대그린푸드 ","16900","550","3.36","919","18.39",,,"13504","1.25","50","0.30"
"086280","현대글로비스 ","234500","-1500","-0.64","13271","17.67",,,"51180","4.58","1500","0.64"
"064350","현대로템 ","29400","-150","-0.51","1371","21.44",,,"17419","1.69","0","0.00"
"012330","현대모비스 ","313500","5500","1.79","37239","8.42",,,"173611","1.81","1900","0.61"
"012335","현대모비스우 ","298000","-4000","-1.32",,,,,,,"1950","0.65"
"010620","현대미포조선 ","158000","-2000","-1.25","4928","32.06",,,"159158","0.99","1500","0.95"
"069960","현대백화점 ","141500","-2500","-1.74","13974","10.13",,,"117456","1.20","650","0.46"
"004560","현대비앤지스틸 ","16600","100","0.61","748","22.19",,,"17499","0.95","0","0.00"
"004565","현대비앤지스틸우 ","31200","600","1.96",,,,,,,"0","0.00"
"012630","현대산업 ","29250","-750","-2.50",,,,,"31204","0.94","200","0.68"
"011760","현대상사 ","33500","-550","-1.62","2309","14.51",,,"18278","1.83","500","1.49"
"011200","현대상선 ","13400","400","3.08",,,,,"6266","2.14","0","0.00"
"006390","현대시멘트 ","6500","0","0.00",,,,,"6012","1.08","0","0.00"
"004310","현대약품 ","1930","10","0.52",,,,,"3542","0.54","37","1.92"
"126560","현대에이치씨엔 ","5440","-110","-1.98","616","8.83",,,"4273","1.27","40","0.74"
"017800","현대엘리베이 ","38550","-50","-0.13",,,,,"29691","1.30","0","0.00"
"011210","현대위아 ","169000","500","0.30","16262","10.39",,,"71238","2.37","500","0.30"
"004020","현대제철 ","68000","-2100","-3.00","9449","7.20",,,"115232","0.59","500","0.74"
"009540","현대중공업 ","219500","-4500","-2.01","17823","12.32",,,"222116","0.99","2500","1.14"
"003450","현대증권 ","6690","500","8.08",,,,,"12697","0.53","50","0.75"
"003457","현대증권2우B ","6480","480","8.00",,,,,,,"552","8.52"
"005380","현대차 ","245000","1500","0.62","31515","7.77",,,"154264","1.59","1900","0.78"
"005387","현대차2우B ","145000","-3000","-2.03",,,,,,,"2000","1.38"
"005389","현대차3우B ","125500","-1000","-0.79",,,,,,,"1950","1.55"
"005385","현대차우 ","138000","2500","1.85",,,,,,,"1950","1.41"
"011720","현대피앤씨 ","242","0","0.00",,,,,,,"0","0.00"
"010520","현대하이스코 ","42850","0","0.00","3383","12.67",,,"23869","1.80","250","0.58"
"001450","현대해상 ","29100","-50","-0.17","4257","6.84",,,"23868","1.22","1050","3.61"
"057050","현대홈쇼핑 ","168000","1500","0.90","8664","19.39",,,"81224","2.07","1100","0.65"
"003010","혜인 ","3635","-80","-2.15",,,,,"8802","0.41","50","1.38"
"008770","호텔신라 ","83300","-600","-0.72","2566","32.46",,,"17230","4.83","300","0.36"
"008775","호텔신라우 ","46000","1800","4.07",,,,,,,"350","0.76"
"002460","화성산업 ","9110","-190","-2.04","1141","7.98",,,"17646","0.52","100","1.10"
"013520","화승알앤에이 ","16550","-350","-2.07","1903","8.70",,,"36717","0.45","250","1.51"
"006060","화승인더 ","1165","-85","-6.80","29","40.17",,,"2229","0.52","25","2.15"
"010690","화신 ","12700","0","0.00","695","18.27",,,"9740","1.30","100","0.79"
"010460","화인자산관리 ","32000","0","0.00",,,,,"61226","0.52","500","1.56"
"010660","화천기계 ","27800","0","0.00","6134","4.53",,,"52365","0.53","1000","3.60"
"000850","화천기공 ","51800","-100","-0.19","6978","7.42",,,"101117","0.51","1000","1.93"
"016580","환인제약 ","12600","-600","-4.55","1035","12.17",,,"8738","1.44","250","1.98"
"032560","황금에스티 ","4855","175","3.74","397","12.23",,,"11139","0.44","50","1.03"
"004800","효성 ","72800","-200","-0.27","3679","19.79",,,"83387","0.87","1000","1.37"
"094280","효성ITX ","11000","50","0.46","356","30.90",,,"2242","4.91","25","0.23"
"093370","후성 ","3610","-105","-2.83","204","17.70",,,"1741","2.07","0","0.00"
"037270","휘닉스홀딩스 ","3345","-120","-3.46",,,,,"2650","1.26","0","0.00"
"081660","휠라코리아 ","86500","1300","1.53","12423","6.96",,,"42495","2.04","250","0.29"
"005870","휴니드 ","4700","65","1.40",,,,,"6033","0.78","0","0.00"
"079980","휴비스 ","10550","-100","-0.94","1552","6.80",,,"10361","1.02","300","2.84"
"005010","휴스틸 ","20000","200","1.01","3741","5.35",,,"56206","0.36","1000","5.00"
"069260","휴켐스 ","22650","50","0.22","1319","17.17",,,"11061","2.05","700","3.09"
"000540","흥국화재 ","4090","10","0.25","1145","3.57",,,"5673","0.72","0","0.00"
"000547","흥국화재2우B ","6150","-350","-5.38",,,,,,,"0","0.00"
"000545","흥국화재우 ","2150","25","1.18",,,,,,,"0","0.00"
"003280","흥아해운 ","1280","0","0.00","212","6.04",,,"1681","0.76","7","0.55"