회사명,거래소코드,회계년도,통계청 한국표준산업분류 10차(대분류)
(주)CMG제약,058820,2017/12,제조업
(주)ES큐브,050120,2017/12,도매 및 소매업
(주)가비아,079940,2017/12,정보통신업
(주)강스템바이오텍,217730,2017/12,제조업
(주)강원에너지,114190,2017/12,제조업
(주)고려시멘트,198440,2017/12,제조업
(주)고영테크놀러지,098460,2017/12,제조업
(주)골드앤에스,035290,2017/12,정보통신업
(주)골드퍼시픽,038530,2017/12,도매 및 소매업
(주)골프존,215000,2017/12,정보통신업
(주)골프존뉴딘홀딩스,121440,2017/12,도매 및 소매업
(주)광림,014200,2017/12,제조업
(주)광무,029480,2017/12,제조업
(주)구영테크,053270,2017/12,제조업
(주)국보디자인,066620,2017/12,건설업
(주)국순당,043650,2017/12,제조업
(주)국영지앤엠,006050,2017/12,제조업
(주)그래디언트,035080,2017/12,도매 및 소매업
(주)글로벌스탠다드테크놀로지,083450,2017/12,제조업
(주)금빛,045890,2017/12,제조업
(주)금화피에스시,036190,2017/12,건설업
(주)기가레인,049080,2017/12,제조업
(주)기산텔레콤,035460,2017/12,제조업
(주)나노,187790,2017/12,제조업
(주)나노신소재,121600,2017/12,제조업
(주)나노엔텍,039860,2017/12,제조업
(주)나무가,190510,2017/12,제조업
(주)나스미디어,089600,2017/12,"전문, 과학 및 기술 서비스업"
(주)나이벡,138610,2017/12,제조업
(주)나이스디앤비,130580,2017/12,"사업시설 관리, 사업 지원 및 임대 서비스업"
(주)나인테크,267320,2017/12,제조업
(주)내츄럴엔도텍,168330,2017/12,"전문, 과학 및 기술 서비스업"
(주)네오리진,094860,2017/12,정보통신업
(주)네오오토,212560,2017/12,제조업
(주)네오위즈,095660,2017/12,정보통신업
(주)네오위즈홀딩스,042420,2017/12,정보통신업
(주)네오티스,085910,2017/12,제조업
(주)네오팜,092730,2017/12,제조업
(주)네이블커뮤니케이션즈,153460,2017/12,정보통신업
(주)네이처셀,007390,2017/12,제조업
(주)네패스,033640,2017/12,제조업
(주)넥스턴바이오사이언스,089140,2017/12,제조업
(주)넥스트아이,137940,2017/12,제조업
(주)넥스트엔터테인먼트월드,160550,2017/12,정보통신업
(주)넥슨게임즈,225570,2017/12,정보통신업
(주)넵튠,217270,2017/12,정보통신업
(주)노블엠앤비,106520,2017/12,제조업
(주)녹십자셀,031390,2017/12,제조업
(주)녹십자엠에스,142280,2017/12,제조업
(주)녹원씨엔아이,065560,2017/12,제조업
(주)누리플랜,069140,2017/12,제조업
(주)누리플렉스,040160,2017/12,정보통신업
(주)뉴로스,126870,2017/12,제조업
(주)뉴보텍,060260,2017/12,제조업
(주)뉴인텍,012340,2017/12,제조업
(주)뉴파워프라즈마,144960,2017/12,제조업
(주)뉴프렉스,085670,2017/12,제조업
(주)다나와,119860,2017/12,정보통신업
(주)다날,064260,2017/12,정보통신업
(주)다산네트웍스,039560,2017/12,제조업
(주)다우데이타,032190,2017/12,도매 및 소매업
(주)다원시스,068240,2017/12,제조업
(주)대동스틸,048470,2017/12,제조업
(주)대륙제관,004780,2017/12,제조업
(주)대림제지,017650,2017/12,제조업
(주)대명소노시즌,007720,2017/12,도매 및 소매업
(주)대성미생물연구소,036480,2017/12,제조업
(주)대성엘텍,025440,2017/12,제조업
(주)대성파인텍,104040,2017/12,제조업
(주)대원,007680,2017/12,건설업
(주)대창솔루션,096350,2017/12,제조업
(주)대창스틸,140520,2017/12,제조업
(주)대한과학,131220,2017/12,도매 및 소매업
(주)대호특수강,021040,2017/12,제조업
(주)더 미동,161570,2017/12,제조업
(주)더블유게임즈,192080,2017/12,정보통신업
(주)더블유아이,073570,2017/12,제조업
(주)덕신하우징,090410,2017/12,제조업
(주)데이타솔루션,263800,2017/12,도매 및 소매업
(주)데코앤이,017680,2017/12,제조업
(주)덱스터스튜디오,206560,2017/12,정보통신업
(주)덴티스,261200,2017/12,제조업
(주)동구바이오제약,006620,2017/12,제조업
(주)동국알앤에스,075970,2017/12,제조업
(주)동국에스엔씨,100130,2017/12,제조업
(주)동방선기,099410,2017/12,제조업
(주)동성화인텍,033500,2017/12,제조업
(주)동아엘텍,088130,2017/12,제조업
(주)동양에스텍,060380,2017/12,제조업
(주)동우팜투테이블,088910,2017/12,제조업
(주)동운아나텍,094170,2017/12,제조업
(주)동원개발,013120,2017/12,건설업
(주)동일기연,032960,2017/12,제조업
(주)동진쎄미켐,005290,2017/12,제조업
(주)두산테스나,131970,2017/12,"전문, 과학 및 기술 서비스업"
(주)듀오백,073190,2017/12,제조업
(주)드래곤플라이,030350,2017/12,정보통신업
(주)드림시큐리티,203650,2017/12,정보통신업
(주)드림어스컴퍼니,060570,2017/12,정보통신업
(주)드림티엔터테인먼트,220110,2017/12,"전문, 과학 및 기술 서비스업"
(주)디딤,217620,2017/12,숙박 및 음식점업
(주)디모아,016670,2017/12,도매 및 소매업
(주)디바이스이엔지,187870,2017/12,제조업
(주)디스플레이테크,066670,2017/12,제조업
(주)디아크,078590,2017/12,제조업
(주)디알텍,214680,2017/12,제조업
(주)디앤씨미디어,263720,2017/12,정보통신업
(주)디에스앤엘,141020,2017/12,도매 및 소매업
(주)디에스케이,109740,2017/12,제조업
(주)디에이테크놀로지,196490,2017/12,제조업
(주)디에이피,066900,2017/12,제조업
(주)디엔에이링크,127120,2017/12,"전문, 과학 및 기술 서비스업"
(주)디엔에프,092070,2017/12,제조업
(주)디엠에스,068790,2017/12,제조업
(주)디오,039840,2017/12,제조업
(주)디와이디,219550,2017/12,도매 및 소매업
(주)디이엔티,079810,2017/12,제조업
(주)디지아이,043360,2017/12,제조업
(주)디지털대성,068930,2017/12,교육 서비스업
(주)디지틀조선일보,033130,2017/12,정보통신업
(주)디티앤씨,187220,2017/12,"전문, 과학 및 기술 서비스업"
(주)딜리,131180,2017/12,제조업
(주)라이온켐텍,171120,2017/12,제조업
(주)라이트론,069540,2017/12,제조업
(주)랩지노믹스,084650,2017/12,"전문, 과학 및 기술 서비스업"
(주)러셀,217500,2017/12,제조업
(주)레고켐바이오사이언스,141080,2017/12,"전문, 과학 및 기술 서비스업"
(주)레드로버,060300,2017/12,정보통신업
(주)레드캡투어,038390,2017/12,"사업시설 관리, 사업 지원 및 임대 서비스업"
(주)레이언스,228850,2017/12,제조업
(주)레이크머티리얼즈,281740,2017/12,제조업
(주)로보로보,215100,2017/12,제조업
(주)로보스타,090360,2017/12,제조업
(주)로지시스,067730,2017/12,정보통신업
(주)루멘스,038060,2017/12,제조업
(주)루트로닉,085370,2017/12,제조업
(주)룽투코리아,060240,2017/12,정보통신업
(주)리노스,039980,2017/12,정보통신업
(주)리더스코스메틱,016100,2017/12,제조업
(주)리드,197210,2017/12,제조업
(주)리드코프,012700,2017/12,도매 및 소매업
(주)링네트,042500,2017/12,정보통신업
(주)링크제니시스,219420,2017/12,정보통신업
(주)마이크로컨텍솔루션,098120,2017/12,제조업
(주)마이크로프랜드,147760,2017/12,제조업
(주)마크로젠,038290,2017/12,"전문, 과학 및 기술 서비스업"
(주)맘스터치앤컴퍼니,220630,2017/12,도매 및 소매업
(주)매직마이크로,127160,2017/12,제조업
(주)매커스,093520,2017/12,도매 및 소매업
(주)맥스로텍,141070,2017/12,제조업
(주)멀티캠퍼스,067280,2017/12,교육 서비스업
(주)메디아나,041920,2017/12,제조업
(주)메디콕스,054180,2017/06,제조업
(주)메디톡스,086900,2017/12,제조업
(주)메디프론디비티,065650,2017/12,도매 및 소매업
(주)메지온,140410,2017/12,"전문, 과학 및 기술 서비스업"
(주)메카로,241770,2017/12,제조업
(주)메타바이오메드,059210,2017/12,제조업
(주)멕아이씨에스,058110,2017/12,제조업
(주)멜파스,096640,2017/12,제조업
(주)모다,149940,2017/12,제조업
(주)모다이노칩,080420,2017/12,도매 및 소매업
(주)모두투어네트워크,080160,2017/12,"사업시설 관리, 사업 지원 및 임대 서비스업"
(주)모바일리더,100030,2017/12,정보통신업
(주)모베이스,101330,2017/12,제조업
(주)모베이스전자,012860,2017/12,제조업
(주)모비스,250060,2017/12,정보통신업
(주)모헨즈,006920,2017/12,제조업
(주)미래SCI,028040,2017/12,도매 및 소매업
(주)미래생명자원,218150,2017/12,제조업
(주)미래컴퍼니,049950,2017/12,제조업
(주)미래테크놀로지,213090,2017/12,정보통신업
(주)미애부,225850,2017/12,도매 및 소매업
(주)미코,059090,2017/12,제조업
(주)미투온,201490,2017/12,정보통신업
(주)바른손,018700,2017/03,도매 및 소매업
(주)바른손이앤에이,035620,2017/12,정보통신업
(주)바른전자,064520,2017/12,제조업
(주)바이넥스,053030,2017/12,제조업
(주)바이오니아,064550,2017/12,제조업
(주)바이오로그디바이스,208710,2017/12,제조업
(주)바이오빌,065940,2017/12,제조업
(주)바이오스마트,038460,2017/12,제조업
(주)바이오톡스텍,086040,2017/12,"전문, 과학 및 기술 서비스업"
(주)바텍,043150,2017/12,제조업
(주)배럴,267790,2017/12,제조업
(주)백금티앤에이,046310,2017/12,제조업
(주)버킷스튜디오,066410,2017/12,정보통신업
(주)베노홀딩스,206400,2017/12,건설업
(주)베셀,177350,2017/12,제조업
(주)보광산업,225530,2017/12,제조업
(주)보라티알,250000,2017/12,도매 및 소매업
(주)본느,226340,2017/12,제조업
(주)부-스타,008470,2017/12,제조업
(주)부방,014470,2017/12,"전문, 과학 및 기술 서비스업"
(주)뷰웍스,100120,2017/12,제조업
(주)브리지텍,064480,2017/12,정보통신업
(주)브이원텍,251630,2017/12,제조업
(주)브이티지엠피,018290,2017/12,제조업
(주)블루베리엔에프티,044480,2017/12,제조업
(주)블루콤,033560,2017/12,제조업
(주)비덴트,121800,2017/12,제조업
(주)비보존헬스케어,082800,2017/12,제조업
(주)비씨월드제약,200780,2017/12,제조업
(주)비아트론,141000,2017/12,제조업
(주)비에이치,090460,2017/12,제조업
(주)비엔지티,032790,2017/12,도매 및 소매업
(주)비엘,142760,2017/12,"전문, 과학 및 기술 서비스업"
(주)비엘팜텍,065170,2017/12,도매 및 소매업
(주)비엠티,086670,2017/12,제조업
(주)비즈니스온커뮤니케이션,138580,2017/12,정보통신업
(주)비츠로셀,082920,2017/06,제조업
(주)비츠로시스,054220,2017/03,제조업
(주)비츠로테크,042370,2017/06,"전문, 과학 및 기술 서비스업"
(주)비케이홀딩스,050090,2017/12,제조업
(주)비트컴퓨터,032850,2017/12,정보통신업
(주)빅솔론,093190,2017/12,제조업
(주)빅텍,065450,2017/12,제조업
(주)사람인에이치알,143240,2017/12,정보통신업
(주)삼기,122350,2017/12,제조업
(주)삼보판지,023600,2017/12,제조업
(주)삼양옵틱스,225190,2017/12,제조업
(주)삼일,032280,2017/12,운수 및 창고업
(주)삼일기업공사,002290,2017/12,건설업
(주)삼진,032750,2017/12,제조업
(주)삼진엘앤디,054090,2017/12,제조업
(주)삼표시멘트,038500,2017/12,제조업
(주)삼화네트웍스,046390,2017/12,정보통신업
(주)상보,027580,2017/12,제조업
(주)상상인,038540,2017/12,정보통신업
(주)상상인인더스트리,101000,2017/12,제조업
(주)상아프론테크,089980,2017/12,제조업
(주)상지카일룸,042940,2017/12,건설업
(주)새로닉스,042600,2017/12,제조업
(주)서린바이오사이언스,038070,2017/12,도매 및 소매업
(주)서부티엔디,006730,2017/12,숙박 및 음식점업
(주)서산,079650,2017/12,제조업
(주)서연탑메탈,019770,2017/12,제조업
(주)서울리거,043710,2017/12,도매 및 소매업
(주)서울옥션,063170,2017/12,도매 및 소매업
(주)서울제약,018680,2017/12,제조업
(주)서원인텍,093920,2017/12,제조업
(주)서전기전,189860,2017/12,제조업
(주)서진시스템,178320,2017/12,제조업
(주)서진오토모티브,122690,2017/12,제조업
(주)서플러스글로벌,140070,2017/12,도매 및 소매업
(주)서한,011370,2017/12,건설업
(주)서희건설,035890,2017/12,건설업
(주)선광,003100,2017/12,운수 및 창고업
(주)선익시스템,171090,2017/12,제조업
(주)성광벤드,014620,2017/12,제조업
(주)성도이엔지,037350,2017/12,"전문, 과학 및 기술 서비스업"
(주)성우하이텍,015750,2017/12,제조업
(주)성창오토텍,080470,2017/12,제조업
(주)세동,053060,2017/12,제조업
(주)세보엠이씨,011560,2017/12,건설업
(주)세영디앤씨,052190,2017/12,"예술, 스포츠 및 여가관련 서비스업"
(주)세운메디칼,100700,2017/12,제조업
(주)세원물산,024830,2017/12,제조업
(주)세중,039310,2017/12,"사업시설 관리, 사업 지원 및 임대 서비스업"
(주)세진티에스,067770,2017/12,제조업
(주)세코닉스,053450,2017/12,제조업
(주)세토피아,222810,2017/12,정보통신업
(주)세화피앤씨,252500,2017/12,제조업
(주)셀루메드,049180,2017/12,제조업
(주)셀바스에이아이,108860,2017/12,정보통신업
(주)셀바스헬스케어,208370,2017/12,제조업
(주)셀트리온제약,068760,2017/12,제조업
(주)셀트리온헬스케어,091990,2017/12,도매 및 소매업
(주)셀피글로벌,068940,2017/12,제조업
(주)소리바다,053110,2017/12,정보통신업
(주)소프트센,032680,2017/12,도매 및 소매업
(주)손오공,066910,2017/12,도매 및 소매업
(주)솔고바이오메디칼,043100,2017/12,제조업
(주)솔루에타,154040,2017/12,제조업
(주)솔본,035610,2017/12,"전문, 과학 및 기술 서비스업"
(주)쇼박스,086980,2017/12,정보통신업
(주)수산아이앤티,050960,2017/12,정보통신업
(주)슈프리마,236200,2017/12,제조업
(주)슈프리마에이치큐,094840,2017/12,제조업
(주)슈피겐코리아,192440,2017/12,제조업
(주)스마트솔루션즈,136510,2017/12,제조업
(주)스맥,099440,2017/12,제조업
(주)스카이문스테크놀로지,033790,2017/12,제조업
(주)스킨앤스킨,159910,2017/12,제조업
(주)스타플렉스,115570,2017/12,제조업
(주)스튜디오산타클로스엔터테인먼트,204630,2017/12,"예술, 스포츠 및 여가관련 서비스업"
(주)스페이스솔루션,245030,2017/12,정보통신업
(주)스페코,013810,2017/12,제조업
(주)승일,049830,2017/12,제조업
(주)시공테크,020710,2017/12,"전문, 과학 및 기술 서비스업"
(주)시너지이노베이션,048870,2017/12,제조업
(주)시노펙스,025320,2017/12,제조업
(주)시스웍,269620,2017/12,제조업
(주)시큐브,131090,2017/12,정보통신업
(주)시티랩스,139050,2017/12,정보통신업
(주)신진에스엠,138070,2017/12,제조업
(주)신화콘텍,187270,2017/12,제조업
(주)심텍,222800,2017/12,제조업
(주)심텍홀딩스,036710,2017/12,제조업
(주)싸이맥스,160980,2017/12,제조업
(주)썬테크놀로지스,122800,2017/12,제조업
(주)썸에이지,208640,2017/12,정보통신업
(주)쎄노텍,222420,2017/12,제조업
(주)쎄니트,037760,2017/12,제조업
(주)쎄트렉아이,099320,2017/12,제조업
(주)쎌바이오텍,049960,2017/12,제조업
(주)쏠리드,050890,2017/12,제조업
(주)씨씨에스충북방송,066790,2017/12,정보통신업
(주)씨에스,065770,2017/12,제조업
(주)씨에스에이코스믹,083660,2017/12,제조업
(주)씨엔플러스,115530,2017/12,제조업
(주)씨엠에스에듀,225330,2017/12,교육 서비스업
(주)씨유메디칼시스템,115480,2017/12,제조업
(주)씨제이이엔엠,035760,2017/12,정보통신업
(주)씨젠,096530,2017/12,제조업
(주)씨티네트웍스,189540,2017/12,제조업
(주)씨티씨바이오,060590,2017/12,제조업
(주)씨티케이,260930,2017/12,제조업
(주)아가방앤컴퍼니,013990,2017/12,도매 및 소매업
(주)아나패스,123860,2017/12,제조업
(주)아난티,025980,2017/12,숙박 및 음식점업
(주)아리온테크놀로지,058220,2017/12,제조업
(주)아모텍,052710,2017/12,제조업
(주)아미노로직스,074430,2017/12,도매 및 소매업
(주)아바코,083930,2017/12,제조업
(주)아바텍,149950,2017/12,제조업
(주)아스타,246720,2017/12,제조업
(주)아스트,067390,2017/12,제조업
(주)아시아경제,127710,2017/12,정보통신업
(주)아우딘퓨쳐스,227610,2017/12,제조업
(주)아이디스,143160,2017/12,제조업
(주)아이디스홀딩스,054800,2017/12,"전문, 과학 및 기술 서비스업"
(주)아이센스,099190,2017/12,제조업
(주)아이씨디,040910,2017/12,제조업
(주)아이앤씨테크놀로지,052860,2017/12,제조업
(주)아이에스시,095340,2017/12,제조업
(주)아이에스이커머스,069920,2017/12,도매 및 소매업
(주)아이에이,038880,2017/12,제조업
(주)아이엠,101390,2017/12,제조업
(주)아이엠비씨,052220,2017/12,정보통신업
(주)아이엠텍,226350,2017/12,제조업
(주)아이오케이컴퍼니,078860,2017/12,정보통신업
(주)아이윈,090150,2017/12,제조업
(주)아이윈플러스,123010,2017/12,제조업
(주)아이즈비전,031310,2017/12,정보통신업
(주)아이컴포넌트,059100,2017/12,제조업
(주)아이톡시,052770,2017/12,도매 및 소매업
(주)아이티센,124500,2017/12,정보통신업
(주)아이티엑스에이아이,099520,2017/12,제조업
(주)아즈텍더블유비이,032080,2017/12,제조업
(주)아진엑스텍,059120,2017/12,제조업
(주)아프리카티비,067160,2017/12,정보통신업
(주)안랩,053800,2017/12,정보통신업
(주)안트로젠,065660,2017/12,도매 및 소매업
(주)알로이스,271400,2017/12,제조업
(주)알에프세미,096610,2017/12,제조업
(주)알에프텍,061040,2017/12,제조업
(주)알엔투테크놀로지,148250,2017/12,제조업
(주)알테오젠,196170,2017/12,"전문, 과학 및 기술 서비스업"
(주)알톤스포츠,123750,2017/12,제조업
(주)알티캐스트,085810,2017/12,정보통신업
(주)알파홀딩스,117670,2017/12,제조업
(주)액션스퀘어,205500,2017/12,정보통신업
(주)액토즈소프트,052790,2017/12,정보통신업
(주)앤디포스,238090,2017/12,제조업
(주)앤씨앤,092600,2017/12,제조업
(주)야스,255440,2017/12,제조업
(주)어스앤에어로스페이스,263540,2017/12,제조업
(주)얼라인드제네틱스,238120,2017/12,제조업
(주)에너토크,019990,2017/12,제조업
(주)에스디생명공학,217480,2017/12,제조업
(주)에스디시스템,121890,2017/12,제조업
(주)에스마크,030270,2017/12,제조업
(주)에스비에스콘텐츠허브,046140,2017/12,정보통신업
(주)에스씨디,042110,2017/12,제조업
(주)에스아이리소스,065420,2017/12,광업
(주)에스앤더블류,103230,2017/12,제조업
(주)에스앤에스텍,101490,2017/12,제조업
(주)에스에너지,095910,2017/12,제조업
(주)에스에이엠티,031330,2017/12,도매 및 소매업
(주)에스에이티,158300,2017/12,제조업
(주)에스에이티,060540,2017/12,제조업
(주)에스에프씨,112240,2017/12,제조업
(주)에스에프에이,056190,2017/12,제조업
(주)에스에프에이반도체,036540,2017/12,제조업
(주)에스엘바이오닉스,214310,2017/12,제조업
(주)에스엠라이프디자인그룹,063440,2017/12,제조업
(주)에스엠엔터테인먼트,041510,2017/12,정보통신업
(주)에스엠컬처앤콘텐츠,048550,2017/12,"전문, 과학 및 기술 서비스업"
(주)에스엠코어,007820,2017/12,제조업
(주)에스제이케이,080440,2017/12,도매 및 소매업
(주)에스지엔지,040610,2017/12,운수 및 창고업
(주)에스코넥,096630,2017/12,제조업
(주)에스텍파마,041910,2017/12,제조업
(주)에스티아이,039440,2017/12,제조업
(주)에스티오,098660,2017/12,제조업
(주)에스티큐브,052020,2017/12,도매 및 소매업
(주)에스폴리텍,050760,2017/12,제조업
(주)에스피지,058610,2017/12,제조업
(주)에쎈테크,043340,2017/12,제조업
(주)에이디칩스,054630,2017/12,제조업
(주)에이디테크놀로지,200710,2017/12,제조업
(주)에이루트,096690,2017/12,제조업
(주)에이비프로바이오,195990,2017/12,제조업
(주)에이스침대,003800,2017/12,제조업
(주)에이스테크놀로지,088800,2017/12,제조업
(주)에이치디,102210,2017/12,제조업
(주)에이치비테크놀러지,078150,2017/12,제조업
(주)에이치시티,072990,2017/12,"전문, 과학 및 기술 서비스업"
(주)에이치알에스,036640,2017/12,제조업
(주)에이치엘사이언스,239610,2017/12,제조업
(주)에이치케이,044780,2017/12,제조업
(주)에이텍,045660,2017/12,제조업
(주)에이텍티앤,224110,2017/12,제조업
(주)에이트원,230980,2017/12,정보통신업
(주)에이티세미콘,089530,2017/12,제조업
(주)에이팩트,200470,2017/12,"전문, 과학 및 기술 서비스업"
(주)에이팸,073070,2017/12,제조업
(주)에이프로젠헬스케어앤게임즈,109960,2017/12,도매 및 소매업
(주)에치에프알,230240,2017/12,제조업
(주)에코마케팅,230360,2017/12,"전문, 과학 및 기술 서비스업"
(주)에코프로,086520,2017/12,제조업
(주)에프알텍,073540,2017/12,제조업
(주)에프앤리퍼블릭,064090,2017/12,도매 및 소매업
(주)에프에스엔,214270,2017/12,정보통신업
(주)에프에스티,036810,2017/12,제조업
(주)에프엔씨엔터테인먼트,173940,2017/12,"예술, 스포츠 및 여가관련 서비스업"
(주)에프티이앤이,065160,2017/12,제조업
(주)엑사이엔씨,054940,2017/12,건설업
(주)엑세스바이오인코퍼레이션,950130,2017/12,제조업
(주)엑셈,205100,2017/12,정보통신업
(주)엑시콘,092870,2017/12,제조업
(주)엔에스,217820,2017/12,제조업
(주)엔에스엔,031860,2017/12,도매 및 소매업
(주)엔에이치엔벅스,104200,2017/12,정보통신업
(주)엔이능률,053290,2017/12,정보통신업
(주)엔지스테크널러지,208860,2017/12,정보통신업
(주)엔지켐생명과학,183490,2017/12,제조업
(주)엔케이맥스,182400,2017/12,제조업
(주)엔텔스,069410,2017/12,정보통신업
(주)엔투텍,227950,2017/12,제조업
(주)엔피케이,048830,2017/12,제조업
(주)엘디티,096870,2017/12,제조업
(주)엘아이에스,138690,2017/12,제조업
(주)엘앤에프,066970,2017/12,제조업
(주)엘앤케이바이오메드,156100,2017/12,제조업
(주)엘엑스세미콘,108320,2017/12,제조업
(주)엘엠에스,073110,2017/12,제조업
(주)엘오티베큠,083310,2017/12,제조업
(주)엘피케이로보틱스,183350,2017/12,제조업
(주)엠게임,058630,2017/12,정보통신업
(주)엠디에스테크,086960,2017/12,정보통신업
(주)엠씨넥스,097520,2017/12,제조업
(주)엠앤씨생명과학,225860,2017/12,제조업
(주)엠에스씨,009780,2017/12,제조업
(주)엠에스오토텍,123040,2017/12,제조업
(주)엠투엔,033310,2017/12,제조업
(주)엠플러스,259630,2017/12,제조업
(주)엠피대산,065150,2017/12,도매 및 소매업
(주)연우,115960,2017/12,제조업
(주)연이비앤티,090740,2017/12,제조업
(주)영우디에스피,143540,2017/12,제조업
(주)영현무역,242850,2017/12,도매 및 소매업
(주)예림당,036000,2017/12,정보통신업
(주)예선테크,250930,2017/12,제조업
(주)예스티,122640,2017/12,제조업
(주)오공,045060,2017/12,제조업
(주)오디텍,080520,2017/12,제조업
(주)오르비텍,046120,2017/12,"전문, 과학 및 기술 서비스업"
(주)오리엔탈정공,014940,2017/12,제조업
(주)오리엔트정공,065500,2017/12,제조업
(주)오리콤,010470,2017/12,"전문, 과학 및 기술 서비스업"
(주)오스코텍,039200,2017/12,제조업
(주)오스테오닉,226400,2017/12,제조업
(주)오스템,031510,2017/12,제조업
(주)오이솔루션,138080,2017/12,제조업
(주)오킨스전자,080580,2017/12,제조업
(주)오텍,067170,2017/12,제조업
(주)오픈베이스,049480,2017/12,정보통신업
(주)옵투스제약,131030,2017/12,제조업
(주)옵트론텍,082210,2017/12,제조업
(주)와이비엠넷,057030,2017/12,교육 서비스업
(주)와이솔,122990,2017/12,제조업
(주)와이어블,065530,2017/12,정보통신업
(주)와이엔텍,067900,2017/12,"수도, 하수 및 폐기물 처리, 원료 재생업"
(주)와이오엠,066430,2017/12,도매 및 소매업
(주)와이제이엠게임즈,193250,2017/12,제조업
(주)와이즈버즈,273060,2017/12,"전문, 과학 및 기술 서비스업"
(주)와이지-원,019210,2017/12,제조업
(주)와이지엔터테인먼트,122870,2017/12,정보통신업
(주)와이티엔,040300,2017/12,정보통신업
(주)우리기술,032820,2017/12,제조업
(주)우리넷,115440,2017/12,제조업
(주)우리로,046970,2017/12,도매 및 소매업
(주)우정바이오,215380,2017/12,"전문, 과학 및 기술 서비스업"
(주)우주일렉트로닉스,065680,2017/12,제조업
(주)원익,032940,2017/12,도매 및 소매업
(주)원익머트리얼즈,104830,2017/12,제조업
(주)원익아이피에스,240810,2017/12,제조업
(주)원익큐브,014190,2017/12,도매 및 소매업
(주)원익큐엔씨,074600,2017/12,제조업
(주)원익테라세미콘,123100,2017/12,제조업
(주)원익피앤이,131390,2017/12,제조업
(주)원익홀딩스,030530,2017/12,제조업
(주)원일특강,012620,2017/12,제조업
(주)원풍,008370,2017/12,제조업
(주)월덱스,101160,2017/12,제조업
(주)웨이브일렉트로닉스,095270,2017/12,제조업
(주)웰크론,065950,2017/12,제조업
(주)웰크론한텍,076080,2017/12,건설업
(주)웹스,196700,2017/12,제조업
(주)웹젠,069080,2017/12,정보통신업
(주)위니아,071460,2017/12,제조업
(주)위닉스,044340,2017/12,제조업
(주)위메이드,112040,2017/12,정보통신업
(주)위메이드맥스,101730,2017/12,정보통신업
(주)위메이드플레이,123420,2017/12,정보통신업
(주)위지트,036090,2017/12,제조업
(주)윈스,136540,2017/12,정보통신업
(주)윈팩,097800,2017/12,제조업
(주)윈하이텍,192390,2017/12,제조업
(주)유니온커뮤니티,203450,2017/12,제조업
(주)유니크,011320,2017/12,제조업
(주)유니테스트,086390,2017/12,제조업
(주)유니테크노,241690,2017/12,제조업
(주)유니트론텍,142210,2017/12,도매 및 소매업
(주)유라테크,048430,2017/12,제조업
(주)유바이오로직스,206650,2017/12,제조업
(주)유비케어,032620,2017/12,정보통신업
(주)유비쿼스,264450,2017/12,제조업
(주)유비쿼스홀딩스,078070,2017/12,"전문, 과학 및 기술 서비스업"
(주)유성티엔에스,024800,2017/12,운수 및 창고업
(주)유신,054930,2017/12,"전문, 과학 및 기술 서비스업"
(주)유쎌,252370,2017/12,제조업
(주)유씨아이,038340,2017/12,제조업
(주)유아이디,069330,2017/12,제조업
(주)유에스티,263770,2017/12,제조업
(주)유진로봇,056080,2017/12,제조업
(주)유진테크,084370,2017/12,제조업
(주)유테크,178780,2017/12,도매 및 소매업
(주)유티아이,179900,2017/12,제조업
(주)육일씨엔에쓰,191410,2017/12,제조업
(주)율호,072770,2017/12,정보통신업
(주)이건홀딩스,039020,2017/12,제조업
(주)이글루코퍼레이션,067920,2017/12,정보통신업
(주)이글벳,044960,2017/12,도매 및 소매업
(주)이노와이어리스,073490,2017/12,제조업
(주)이노인스트루먼트,215790,2017/12,제조업
(주)이녹스,088390,2017/12,제조업
(주)이녹스첨단소재,272290,2017/12,제조업
(주)이라이콤,041520,2017/12,도매 및 소매업
(주)이랜시스,264850,2017/12,제조업
(주)이랜텍,054210,2017/12,제조업
(주)이루온,065440,2017/12,정보통신업
(주)이매진아시아,036260,2017/12,정보통신업
(주)이미지스테크놀로지,115610,2017/12,제조업
(주)이브이수성,084180,2017/12,제조업
(주)이브이첨단소재,131400,2017/12,제조업
(주)이상네트웍스,080010,2017/12,도매 및 소매업
(주)이수앱지스,086890,2017/12,제조업
(주)이스트소프트,047560,2017/12,정보통신업
(주)이십일스토어,270020,2017/12,제조업
(주)이엔에프테크놀로지,102710,2017/12,제조업
(주)이엔코퍼레이션,066980,2017/12,정보통신업
(주)이엘피,063760,2017/12,제조업
(주)이엠네트웍스,087730,2017/12,제조업
(주)이엠넷,123570,2017/12,"전문, 과학 및 기술 서비스업"
(주)이엠앤아이,083470,2017/12,제조업
(주)이엠텍,091120,2017/12,제조업
(주)이오테크닉스,039030,2017/12,제조업
(주)이즈미디어,181340,2017/12,제조업
(주)이지,037370,2017/12,건설업
(주)이지홀딩스,035810,2017/12,제조업
(주)이큐셀,160600,2017/12,제조업
(주)이크레더블,092130,2017/12,정보통신업
(주)이퓨쳐,134060,2017/12,정보통신업
(주)인바디,041830,2017/12,제조업
(주)인산가,277410,2017/12,제조업
(주)인성정보,033230,2017/12,정보통신업
(주)인지디스플레이,037330,2017/12,제조업
(주)인콘,083640,2017/12,제조업
(주)인터로조,119610,2017/12,제조업
(주)인터코스,240340,2017/12,제조업
(주)인터파크,108790,2017/12,도매 및 소매업
(주)인터플렉스,051370,2017/12,제조업
(주)인텍플러스,064290,2017/12,제조업
(주)인텔리안테크놀로지스,189300,2017/12,제조업
(주)인트로메딕,150840,2017/12,제조업
(주)인트론바이오테크놀로지,048530,2017/12,제조업
(주)인포마크,175140,2017/12,제조업
(주)인포바인,115310,2017/12,정보통신업
(주)인프라웨어테크놀러지,247300,2017/12,정보통신업
(주)인피니트헬스케어,071200,2017/12,정보통신업
(주)일신바이오베이스,068330,2017/12,제조업
(주)일야,058450,2017/12,제조업
(주)일지테크,019540,2017/12,제조업
(주)일진파워,094820,2017/12,건설업
(주)잉크테크,049550,2017/12,제조업
(주)자비스,254120,2017/12,제조업
(주)자비스,230400,2017/12,제조업
(주)자연과환경,043910,2017/12,"수도, 하수 및 폐기물 처리, 원료 재생업"
(주)장원테크,174880,2017/12,제조업
(주)전우정밀,120780,2017/12,제조업
(주)정다운,208140,2017/12,제조업
(주)정상제이엘에스,040420,2017/12,교육 서비스업
(주)정원엔시스,045510,2017/12,정보통신업
(주)제낙스,065620,2017/12,제조업
(주)제넥신,095700,2017/12,"전문, 과학 및 기술 서비스업"
(주)제넨바이오,072520,2017/12,도매 및 소매업
(주)제노포커스,187420,2017/12,제조업
(주)제닉,123330,2017/12,제조업
(주)제로투세븐,159580,2017/12,도매 및 소매업
(주)제우스,079370,2017/12,제조업
(주)제이브이엠,054950,2017/12,제조업
(주)제이스텍,090470,2017/12,제조업
(주)제이에스티나,026040,2017/12,제조업
(주)제이에스피브이,250300,2017/12,제조업
(주)제이와이피엔터테인먼트,035900,2017/12,정보통신업
(주)제이웨이,058420,2017/12,정보통신업
(주)제이콘텐트리,036420,2017/12,정보통신업
(주)제이테크놀로지,035480,2017/12,"예술, 스포츠 및 여가관련 서비스업"
(주)제이티,089790,2017/12,제조업
(주)제일바이오,052670,2017/12,제조업
(주)제일테크노스,038010,2017/12,제조업
(주)제주반도체,080220,2017/12,제조업
(주)젬백스&카엘,082270,2017/12,제조업
(주)젬백스링크,064800,2017/12,도매 및 소매업
(주)조이시티,067000,2017/12,정보통신업
(주)좋은사람들,033340,2017/12,제조업
(주)주노콜렉션,221670,2017/12,제조업
(주)중앙디앤엠,051980,2017/12,제조업
(주)중앙백신연구소,072020,2017/12,제조업
(주)중앙에너비스,000440,2017/12,도매 및 소매업
(주)지니뮤직,043610,2017/12,정보통신업
(주)지란지교시큐리티,208350,2017/12,정보통신업
(주)지씨셀,144510,2017/12,"전문, 과학 및 기술 서비스업"
(주)지어소프트,051160,2017/12,정보통신업
(주)지에스이,053050,2017/12,"전기, 가스, 증기 및 공기조절 공급업"
(주)지에스홈쇼핑,028150,2017/12,정보통신업
(주)지엔씨에너지,119850,2017/12,제조업
(주)지엔코,065060,2017/12,제조업
(주)지유온,111820,2017/12,정보통신업
(주)진로발효,018120,2017/12,제조업
(주)진매트릭스,109820,2017/12,"전문, 과학 및 기술 서비스업"
(주)진바이오텍,086060,2017/12,도매 및 소매업
(주)진성티이씨,036890,2017/12,제조업
(주)차바이오텍,085660,2017/12,제조업
(주)창해에탄올,004650,2017/12,제조업
(주)체리부로,066360,2017/12,제조업
(주)초록뱀미디어,047820,2017/12,정보통신업
(주)초록뱀이앤엠,131100,2017/12,도매 및 소매업
(주)초록뱀컴퍼니,052300,2017/12,도매 및 소매업
(주)칩스앤미디어,094360,2017/12,제조업
(주)카스,016920,2017/12,도매 및 소매업
(주)카이노스메드,220250,2017/12,"전문, 과학 및 기술 서비스업"
(주)캐스텍코리아,071850,2017/12,제조업
(주)캠시스,050110,2017/12,제조업
(주)컴투스,078340,2017/12,정보통신업
(주)컴투스홀딩스,063080,2017/12,정보통신업
(주)케미메디,205290,2017/12,"전문, 과학 및 기술 서비스업"
(주)케스피온,079190,2017/12,제조업
(주)케어랩스,263700,2017/12,"전문, 과학 및 기술 서비스업"
(주)케어젠,214370,2017/12,제조업
(주)케이사인,192250,2017/12,정보통신업
(주)케이씨씨건설,021320,2017/12,건설업
(주)케이씨아이,036670,2017/12,제조업
(주)케이씨에스,115500,2017/12,정보통신업
(주)케이씨티,089150,2017/12,정보통신업
(주)케이씨피드,025880,2017/12,제조업
(주)케이아이엔엑스,093320,2017/12,정보통신업
(주)케이에스피,073010,2017/12,제조업
(주)케이에이치바텍,060720,2017/12,제조업
(주)케이엑스이노베이션,122450,2017/12,정보통신업
(주)케이엑스하이텍,052900,2017/12,제조업
(주)케이엔더블유,105330,2017/12,제조업
(주)케이엔엔,058400,2017/12,정보통신업
(주)케이엘넷,039420,2017/12,정보통신업
(주)케이엠,083550,2017/12,제조업
(주)케이엠더블유,032500,2017/12,제조업
(주)케이지모빌리언스,046440,2017/12,정보통신업
(주)케이지이니시스,035600,2017/12,정보통신업
(주)케이티서브마린,060370,2017/12,건설업
(주)케이티알파,036030,2017/12,도매 및 소매업
(주)케이프,064820,2017/12,제조업
(주)케이피에스,256940,2017/12,제조업
(주)케이피에프,024880,2017/12,제조업
(주)케이피엠테크,042040,2017/12,제조업
(주)케이피티유,054410,2017/12,제조업
(주)케일럼,258610,2017/12,제조업
(주)켐온,217600,2017/12,"전문, 과학 및 기술 서비스업"
(주)켐트로닉스,089010,2017/12,제조업
(주)켐트로스,220260,2017/12,제조업
(주)코너스톤네트웍스,033110,2017/12,도매 및 소매업
(주)코다코,046070,2017/12,제조업
(주)코데즈컴바인,047770,2017/12,제조업
(주)코디,080530,2017/12,제조업
(주)코디엠,224060,2017/12,제조업
(주)코렌텍,104540,2017/12,제조업
(주)코리아나화장품,027050,2017/12,제조업
(주)코리아에스이,101670,2017/12,제조업
(주)코맥스,036690,2017/12,제조업
(주)코메론,049430,2017/12,제조업
(주)코미코,183300,2017/12,제조업
(주)코미팜,041960,2017/12,제조업
(주)코세스,089890,2017/12,제조업
(주)코센,009730,2017/12,제조업
(주)코스나인,082660,2017/12,제조업
(주)코스메카코리아,241710,2017/12,제조업
(주)코스온,069110,2017/12,제조업
(주)코썬바이오,204990,2017/12,제조업
(주)코아시아,045970,2017/12,제조업
(주)코아시아옵틱스,196450,2017/12,제조업
(주)코엔텍,029960,2017/12,"수도, 하수 및 폐기물 처리, 원료 재생업"
(주)코원플레이,056000,2017/12,정보통신업
(주)코이즈,121850,2017/12,제조업
(주)코콤,015710,2017/12,제조업
(주)코텍,052330,2017/12,제조업
(주)코프라,126600,2017/12,제조업
(주)쿠첸,225650,2017/12,제조업
(주)큐로컴,040350,2017/12,정보통신업
(주)큐로홀딩스,051780,2017/12,도매 및 소매업
(주)큐리언트,115180,2017/12,"전문, 과학 및 기술 서비스업"
(주)큐브엔터테인먼트,182360,2017/12,정보통신업
(주)큐에스아이,066310,2017/12,제조업
(주)크레버스,096240,2017/12,교육 서비스업
(주)크린앤사이언스,045520,2017/12,제조업
(주)클라우드에어,036170,2017/12,제조업
(주)클래시스,214150,2017/12,제조업
(주)클리오,237880,2017/12,제조업
(주)키이스트,054780,2017/12,정보통신업
(주)타이거일렉,219130,2017/12,제조업
(주)탑엔지니어링,065130,2017/12,제조업
(주)탑코미디어,134580,2017/12,제조업
(주)태광,023160,2017/12,제조업
(주)태양,053620,2017/12,제조업
(주)태웅,044490,2017/12,제조업
(주)테라젠이텍스,066700,2017/12,제조업
(주)테스,095610,2017/12,제조업
(주)테크윙,089030,2017/12,제조업
(주)텔레칩스,054450,2017/12,제조업
(주)텔레필드,091440,2017/12,제조업
(주)텔콘알에프제약,200230,2017/12,제조업
(주)토박스코리아,215480,2017/12,도매 및 소매업
(주)토비스,051360,2017/12,제조업
(주)토탈소프트뱅크,045340,2017/12,정보통신업
(주)톱텍,108230,2017/12,제조업
(주)투비소프트,079970,2017/12,정보통신업
(주)트루윈,105550,2017/12,제조업
(주)특수건설,026150,2017/12,건설업
(주)티비씨,033830,2017/12,정보통신업
(주)티사이언티픽,057680,2017/12,정보통신업
(주)티씨엠생명과학,228180,2017/12,"전문, 과학 및 기술 서비스업"
(주)티씨케이,064760,2017/12,제조업
(주)티에스넥스젠,043220,2017/12,제조업
(주)티에스이,131290,2017/12,제조업
(주)티에스트릴리온,284610,2017/12,제조업
(주)티엘아이,062860,2017/12,제조업
(주)티케이케미칼,104480,2017/12,제조업
(주)티플랙스,081150,2017/12,제조업
(주)티피씨,130740,2017/12,제조업
(주)티피씨메카트로닉스,048770,2017/12,제조업
(주)파나진,046210,2017/12,제조업
(주)파라다이스,034230,2017/12,"예술, 스포츠 및 여가관련 서비스업"
(주)파라텍,033540,2017/12,제조업
(주)파루,043200,2017/12,제조업
(주)파마리서치,214450,2017/12,제조업
(주)파버나인,177830,2017/12,제조업
(주)파세코,037070,2017/12,제조업
(주)파수,150900,2017/12,정보통신업
(주)파워로직스,047310,2017/12,제조업
(주)파이오링크,170790,2017/12,제조업
(주)파인넥스,123260,2017/12,제조업
(주)파인디앤씨,049120,2017/12,제조업
(주)파인디지털,038950,2017/12,제조업
(주)파인테크닉스,106240,2017/12,제조업
(주)파인텍,131760,2017/12,제조업
(주)파커스,065690,2017/12,제조업
(주)파크시스템스,140860,2017/12,제조업
(주)파트론,091700,2017/12,제조업
(주)파티게임즈,194510,2017/12,정보통신업
(주)팍스넷,038160,2017/12,정보통신업
(주)팜스토리,027710,2017/12,제조업
(주)팬스타엔터프라이즈,054300,2017/12,제조업
(주)팬엔터테인먼트,068050,2017/12,정보통신업
(주)팬젠,222110,2017/12,제조업
(주)펄어비스,263750,2017/06,정보통신업
(주)펩트론,087010,2017/12,제조업
(주)포메탈,119500,2017/12,제조업
(주)포스코아이씨티,022100,2017/12,"전문, 과학 및 기술 서비스업"
(주)포스코엠텍,009520,2017/12,제조업
(주)포스코케미칼,003670,2017/12,제조업
(주)포인트엔지니어링,256630,2017/12,제조업
(주)포인트엔지니어링,176560,2017/12,제조업
(주)폴라리스세원,234100,2017/12,제조업
(주)폴라리스오피스,041020,2017/12,정보통신업
(주)폴라리스우노,114630,2017/12,제조업
(주)푸드웰,005670,2017/12,제조업
(주)푸른기술,094940,2017/12,제조업
(주)퓨전,195440,2017/12,정보통신업
(주)퓨쳐켐,220100,2017/12,제조업
(주)프럼파스트,035200,2017/12,제조업
(주)프로스테믹스,203690,2017/12,제조업
(주)프로텍,053610,2017/12,제조업
(주)프리엠스,053160,2017/12,제조업
(주)플래스크,041590,2017/12,건설업
(주)플랜티넷,075130,2017/12,정보통신업
(주)플레이위드,023770,2017/12,정보통신업
(주)피델릭스,032580,2017/12,제조업
(주)피씨디렉트,051380,2017/12,도매 및 소매업
(주)피앤텔,054340,2017/12,제조업
(주)피에이치씨,057880,2017/12,도매 및 소매업
(주)피엔티,137400,2017/12,제조업
(주)피엔풍년,024940,2017/12,도매 및 소매업
(주)피제이메탈,128660,2017/12,제조업
(주)피제이전자,006140,2017/12,제조업
(주)픽셀플러스,087600,2017/12,제조업
(주)필옵틱스,161580,2017/12,제조업
(주)하림,136480,2017/12,제조업
(주)하림지주,003380,2017/12,"전문, 과학 및 기술 서비스업"
(주)하이로닉,149980,2017/12,제조업
(주)하이비젼시스템,126700,2017/12,제조업
(주)하이소닉,106080,2017/12,제조업
(주)하이텍팜,106190,2017/12,제조업
(주)하츠,066130,2017/12,제조업
(주)한국가구,004590,2017/12,도매 및 소매업
(주)한국경제티브이,039340,2017/12,정보통신업
(주)한국비엔씨,256840,2017/12,제조업
(주)한국비엔씨,226610,2017/12,제조업
(주)한국아트라스비엑스,023890,2017/12,제조업
(주)한국코퍼레이션,050540,2017/12,"사업시설 관리, 사업 지원 및 임대 서비스업"
(주)한국큐빅,021650,2017/12,제조업
(주)한국테크놀로지,053590,2017/12,도매 및 소매업
(주)한국팩키지,037230,2017/12,제조업
(주)한글과컴퓨터,030520,2017/12,정보통신업
(주)한네트,052600,2017/12,정보통신업
(주)한빛소프트,047080,2017/12,정보통신업
(주)한송네오텍,226440,2017/12,제조업
(주)한일진공,123840,2017/12,제조업
(주)한창바이오텍,043090,2017/12,도매 및 소매업
(주)한컴위드,054920,2017/12,정보통신업
(주)한컴지엠디,077280,2017/12,정보통신업
(주)한탑,002680,2017/12,제조업
(주)한프,066110,2017/12,제조업
(주)핸디소프트,220180,2017/12,정보통신업
(주)행남사,008800,2017/12,제조업
(주)헥토이노베이션,214180,2017/12,정보통신업
(주)헬릭스미스,084990,2017/12,"전문, 과학 및 기술 서비스업"
(주)현대공업,170030,2017/12,제조업
(주)현대바이오랜드,052260,2017/12,제조업
(주)현대에버다임,041440,2017/12,제조업
(주)현대이지웰,090850,2017/12,정보통신업
(주)협진,138360,2017/12,제조업
(주)형지아이앤씨,011080,2017/12,제조업
(주)홈센타홀딩스,060560,2017/12,도매 및 소매업
(주)홈캐스트,064240,2017/12,제조업
(주)화신정공,126640,2017/12,제조업
(주)화신테크,086250,2017/12,제조업
(주)화진,134780,2017/12,제조업
(주)휴럼,284420,2017/12,제조업
(주)휴맥스,115160,2017/12,제조업
(주)휴맥스홀딩스,028080,2017/12,정보통신업
(주)휴먼엔,032860,2017/12,"수도, 하수 및 폐기물 처리, 원료 재생업"
(주)휴메딕스,200670,2017/12,제조업
(주)휴비츠,065510,2017/12,제조업
(주)휴센텍,215090,2017/12,제조업
(주)휴엠앤씨,263920,2017/12,제조업
(주)휴온스,243070,2017/12,제조업
(주)휴온스글로벌,084110,2017/12,제조업
(주)흥국,010240,2017/12,제조업
(주)흥국에프엔비,189980,2017/12,제조업
(주)희림종합건축사사무소,037440,2017/12,"전문, 과학 및 기술 서비스업"
(주)힘스,238490,2017/12,제조업
KB오토시스(주),024120,2017/12,제조업
KD(주),044180,2017/12,건설업
가온미디어(주),078890,2017/12,제조업
감성코퍼레이션(주),036620,2017/12,도매 및 소매업
갤럭시아머니트리(주),094480,2017/12,정보통신업
경남스틸(주),039240,2017/12,제조업
경남제약(주),053950,2017/12,제조업
경동제약(주),011040,2017/12,제조업
경창산업(주),024910,2017/12,제조업
고려신용정보(주),049720,2017/12,"사업시설 관리, 사업 지원 및 임대 서비스업"
고려제약(주),014570,2017/12,제조업
광진실업(주),026910,2017/12,제조업
국일신동(주),060480,2017/12,제조업
국일제지(주),078130,2017/12,제조업
글로벌에스엠테크리미티드,900070,2017/12,"전문, 과학 및 기술 서비스업"
글로벌텍스프리(주),204620,2017/12,금융 및 보험업
글로본(주),019660,2017/12,도매 및 소매업
금강철강(주),053260,2017/12,제조업
나노캠텍(주),091970,2017/12,제조업
나라엠앤디(주),051490,2017/12,제조업
나무기술(주),242040,2017/12,정보통신업
나이스정보통신(주),036800,2017/12,정보통신업
나이스평가정보(주),030190,2017/12,정보통신업
남화토건(주),091590,2017/12,건설업
넥슨지티(주),041140,2017/12,정보통신업
농업회사법인(주)농우바이오,054050,2017/12,"농업, 임업 및 어업"
뉴지랩파마(주),214870,2017/12,도매 및 소매업
다믈멀티미디어(주),093640,2017/12,제조업
대동금속(주),020400,2017/12,제조업
대동기어(주),008830,2017/12,제조업
대봉엘에스(주),078140,2017/12,제조업
대아티아이(주),045390,2017/12,제조업
대양전기공업(주),108380,2017/12,제조업
대양제지공업(주),006580,2017/12,제조업
대원미디어(주),048910,2017/12,도매 및 소매업
대원산업(주),005710,2017/12,제조업
대정화금(주),120240,2017/12,제조업
대주산업(주),003310,2017/12,제조업
대주전자재료(주),078600,2017/12,제조업
대한광통신(주),010170,2017/12,제조업
대한그린파워(주),060900,2017/12,"전기, 가스, 증기 및 공기조절 공급업"
대한뉴팜(주),054670,2017/12,제조업
대한약품공업(주),023910,2017/12,제조업
대화제약(주),067080,2017/12,제조업
더이앤엠(주),089230,2017/12,정보통신업
덕산네오룩스(주),213420,2017/12,제조업
덕산하이메탈(주),077360,2017/12,제조업
덕우전자(주),263600,2017/12,제조업
데브시스터즈(주),194480,2017/12,정보통신업
도이치모터스(주),067990,2017/12,도매 및 소매업
동국산업(주),005160,2017/12,제조업
동국제약(주),086450,2017/12,제조업
동신건설(주),025950,2017/12,건설업
동아화성(주),041930,2017/12,제조업
동양이엔피(주),079960,2017/12,제조업
동양파일(주),228340,2017/12,제조업
동일금속(주),109860,2017/12,제조업
동일철강(주),023790,2017/12,제조업
동화기업(주),025900,2017/12,제조업
디에스티(주),033430,2017/12,제조업
디엑스앤브이엑스(주),180400,2017/12,"전문, 과학 및 기술 서비스업"
디와이피엔에프(주),104460,2017/12,제조업
디젠스(주),113810,2017/12,제조업
디케이락(주),105740,2017/12,제조업
라온시큐어(주),042510,2017/12,정보통신업
램테크놀러지(주),171010,2017/12,제조업
럭슬(주),033600,2017/12,제조업
로스웰인터내셔널유한회사,900260,2017/12,"전문, 과학 및 기술 서비스업"
로체시스템즈(주),071280,2017/12,제조업
리노공업(주),058470,2017/12,제조업
마이크로로봇(주),182690,2017/12,도매 및 소매업
매일유업(주),267980,2017/12,제조업
매일홀딩스(주),005990,2017/12,제조업
메가스터디(주),072870,2017/12,정보통신업
메가스터디교육(주),215200,2017/12,교육 서비스업
메가엠디(주),133750,2017/12,교육 서비스업
메디앙스(주),014100,2017/12,제조업
메디포스트(주),078160,2017/12,제조업
모바일어플라이언스(주),087260,2017/12,정보통신업
모트렉스(주),118990,2017/12,제조업
무림에스피(주),001810,2017/12,제조업
미래나노텍(주),095500,2017/12,제조업
미래오토스,176440,2017/12,제조업
미스터블루(주),207760,2017/12,정보통신업
바디텍메드(주),206640,2017/12,제조업
바이온(주),032980,2017/12,도매 및 소매업
베뉴지(주),019010,2017/12,도매 및 소매업
보성파워텍(주),006910,2017/12,제조업
비디아이(주),148140,2017/12,제조업
비에이치아이(주),083650,2017/12,제조업
빛샘전자(주),072950,2017/12,제조업
삼강엠앤티(주),100090,2017/12,제조업
삼륭물산(주),014970,2017/12,제조업
삼목에스폼(주),018310,2017/12,제조업
삼보모터스(주),053700,2017/12,제조업
삼보산업(주),009620,2017/12,제조업
삼아제약(주),009300,2017/12,제조업
삼영엠텍(주),054540,2017/12,제조업
삼영이엔씨(주),065570,2017/12,제조업
삼지전자(주),037460,2017/12,제조업
삼천당제약(주),000250,2017/12,제조업
삼천리자전거(주),024950,2017/12,도매 및 소매업
삼현철강(주),017480,2017/12,제조업
상신이디피(주),091580,2017/12,제조업
상신전자(주),263810,2017/12,제조업
서암기계공업(주),100660,2017/12,제조업
서울반도체(주),046890,2017/12,제조업
서울전자통신(주),027040,2017/12,도매 및 소매업
서호전기(주),065710,2017/12,제조업
성우전자(주),081580,2017/12,제조업
성우테크론(주),045300,2017/12,제조업
성호전자(주),043260,2017/12,제조업
세명전기공업(주),017510,2017/12,제조업
세종머티리얼즈(주),135270,2017/12,제조업
세종텔레콤(주),036630,2017/12,정보통신업
소니드(주),060230,2017/12,제조업
소프트캠프(주),258790,2017/12,정보통신업
소프트캠프(주),210610,2017/12,정보통신업
솔브레인홀딩스(주),036830,2017/12,"전문, 과학 및 기술 서비스업"
스튜디오드래곤(주),253450,2017/12,정보통신업
시그네틱스(주),033170,2017/12,제조업
신라섬유(주),001000,2017/12,도매 및 소매업
신라에스지(주),025870,2017/12,도매 및 소매업
신라젠(주),215600,2017/12,"전문, 과학 및 기술 서비스업"
신성델타테크(주),065350,2017/12,제조업
신신제약(주),002800,2017/12,제조업
신원종합개발(주),017000,2017/12,건설업
신일제약(주),012790,2017/12,제조업
신화인터텍(주),056700,2017/12,제조업
신흥에스이씨(주),243840,2017/12,제조업
쌍용정보통신(주),010280,2017/12,정보통신업
씨비아이(주),013720,2017/12,제조업
씨아이에스(주),222080,2017/12,제조업
씨앤지하이테크(주),264660,2017/12,제조업
씨앤티85(주),056730,2017/12,건설업
씨제이프레시웨이(주),051500,2017/12,도매 및 소매업
씨큐브(주),101240,2017/12,제조업
아미코젠(주),092040,2017/12,제조업
아비코전자(주),036010,2017/12,제조업
아이쓰리시스템(주),214430,2017/12,제조업
아이진(주),185490,2017/12,"전문, 과학 및 기술 서비스업"
아이크래프트(주),052460,2017/12,정보통신업
아이텍(주),119830,2017/12,"전문, 과학 및 기술 서비스업"
아진산업(주),013310,2017/12,제조업
안국약품(주),001540,2017/12,제조업
알리코제약(주),260660,2017/12,제조업
알서포트(주),131370,2017/12,정보통신업
알에스오토메이션(주),140670,2017/12,제조업
알에프에이치아이씨(주),218410,2017/12,제조업
애니젠(주),196300,2017/12,제조업
애머릿지코퍼레이션,900100,2017/12,도매 및 소매업
앱클론(주),174900,2017/12,제조업
어보브반도체(주),102120,2017/12,제조업
에스넷시스템(주),038680,2017/12,정보통신업
에스디엔(주),099220,2017/12,도매 및 소매업
에스맥(주),097780,2017/12,제조업
에스비더블유생명과학(주),151910,2017/12,제조업
에스씨아이평가정보(주),036120,2017/12,정보통신업
에스앤씨엔진그룹리미티드,900080,2017/12,"전문, 과학 및 기술 서비스업"
에스에이치엔엘(주),050320,2017/12,제조업
에스엔유프리시젼(주),080000,2017/12,제조업
에스엔케이폴리텍(주),091340,2017/12,제조업
에스와이(주),109610,2017/12,제조업
에스지씨이테크건설(주),016250,2017/12,건설업
에스지에이(주),049470,2017/12,정보통신업
에스지에이솔루션즈(주),184230,2017/12,정보통신업
에스지에이클라우드서비스(주),224880,2017/12,정보통신업
에스지이(주),255220,2017/12,제조업
에스케이 머티리얼즈(주),036490,2017/12,제조업
에스케이씨솔믹스(주),057500,2017/12,제조업
에스텍(주),069510,2017/12,제조업
에스트래픽(주),234300,2017/12,정보통신업
에스티팜(주),237690,2017/12,제조업
에이아이비트(주),039230,2017/12,제조업
에이치엘비(주),028300,2017/12,제조업
에이치엘비생명과학(주),067630,2017/12,"전문, 과학 및 기술 서비스업"
에이치엘비제약(주),047920,2017/12,"전문, 과학 및 기술 서비스업"
에이치엘비테라퓨틱스(주),115450,2017/12,도매 및 소매업
에이테크솔루션(주),071670,2017/12,제조업
에이피시스템(주),265520,2017/12,제조업
에이피에스홀딩스(주),054620,2017/12,"전문, 과학 및 기술 서비스업"
에이피위성(주),211270,2017/12,제조업
에코바이오홀딩스(주),038870,2017/12,"사업시설 관리, 사업 지원 및 임대 서비스업"
에코플라스틱(주),038110,2017/12,제조업
에프엔에스테크(주),083500,2017/12,제조업
엑스큐어(주),070300,2017/12,정보통신업
엔브이에이치코리아(주),067570,2017/12,제조업
엔시트론(주),101400,2017/12,제조업
엔에이치엔한국사이버결제(주),060250,2017/12,정보통신업
엘비세미콘(주),061970,2017/12,제조업
엘컴텍(주),037950,2017/12,제조업
엘티씨(주),170920,2017/12,제조업
엠에프엠코리아(주),251960,2017/12,제조업
엠케이전자(주),033160,2017/12,제조업
영신금속공업(주),007530,2017/12,제조업
영풍정밀(주),036560,2017/12,제조업
영화테크(주),265560,2017/12,제조업
예스이십사(주),053280,2017/12,도매 및 소매업
오가닉티코스메틱스홀딩스컴퍼니리미티드,900300,2017/12,"전문, 과학 및 기술 서비스업"
오로라월드(주),039830,2017/12,"전문, 과학 및 기술 서비스업"
오상자이엘(주),053980,2017/12,정보통신업
오성첨단소재(주),052420,2017/12,제조업
오션브릿지(주),241790,2017/12,제조업
오스템임플란트(주),048260,2017/12,제조업
옴니시스템(주),057540,2017/12,제조업
옵티시스(주),109080,2017/12,제조업
와이더블유(주),051390,2017/12,도매 및 소매업
와이아이케이(주),232140,2017/12,제조업
와이엠씨(주),155650,2017/12,제조업
와이엠티(주),251370,2017/12,제조업
와토스코리아(주),079000,2017/12,제조업
우리바이오(주),082850,2017/12,제조업
우리산업(주),215360,2017/12,제조업
우리산업홀딩스(주),072470,2017/12,제조업
우리손에프앤지농업회사법인(주),073560,2017/12,제조업
우리엔터프라이즈(주),037400,2017/12,도매 및 소매업
우리이앤엘(주),153490,2017/12,제조업
우림피티에스(주),101170,2017/12,제조업
우수AMS(주),066590,2017/12,제조업
우원개발(주),046940,2017/12,건설업
우진비앤지(주),018620,2017/12,제조업
원텍(주),216280,2017/12,제조업
원풍물산(주),008290,2017/12,제조업
위즈코프(주),038620,2017/12,도매 및 소매업
유네코(주),064510,2017/12,제조업
유니셈(주),036200,2017/12,제조업
유니슨(주),018000,2017/12,제조업
유비벨록스(주),089850,2017/12,정보통신업
유아이엘(주),049520,2017/12,제조업
유진기업(주),023410,2017/12,제조업
이노시스(주),056090,2017/12,제조업
이니텍(주),053350,2017/12,정보통신업
이스트아시아홀딩스인베스트먼트리미티드,900110,2017/12,"전문, 과학 및 기술 서비스업"
이에스산업(주),241510,2017/12,제조업
이엘케이(주),094190,2017/12,제조업
이엠코리아(주),095190,2017/12,제조업
이원컴포텍(주),088290,2017/12,제조업
이트론(주),096040,2017/12,도매 및 소매업
이화공영(주),001840,2017/12,건설업
이화전기공업(주),024810,2017/12,제조업
인베니아(주),079950,2017/12,제조업
인선이엔티(주),060150,2017/12,"수도, 하수 및 폐기물 처리, 원료 재생업"
인크로스(주),216050,2017/12,"전문, 과학 및 기술 서비스업"
인탑스(주),049070,2017/12,제조업
인포뱅크(주),039290,2017/12,정보통신업
인화정공(주),101930,2017/12,제조업
잉글우드랩(주),950140,2017/12,제조업
자안바이오(주),221610,2017/12,제조업
자이글(주),234920,2017/12,제조업
재영솔루텍(주),049630,2017/12,제조업
제너셈(주),217190,2017/12,제조업
제룡산업(주),147830,2017/12,제조업
제룡전기(주),033100,2017/12,제조업
제이더블유신약(주),067290,2017/12,제조업
제이스코홀딩스(주),023440,2017/12,제조업
제이씨케미칼(주),137950,2017/12,제조업
제이씨현시스템(주),033320,2017/12,도매 및 소매업
제이엔케이히터(주),126880,2017/12,제조업
제이엠아이(주),033050,2017/12,제조업
제이엠티(주),094970,2017/12,제조업
조광아이엘아이(주),044060,2017/12,제조업
조아제약(주),034940,2017/12,제조업
주성엔지니어링(주),036930,2017/12,제조업
줌인터넷(주),229480,2017/12,정보통신업
줌인터넷(주),239340,2017/12,정보통신업
지나인제약(주),078650,2017/12,제조업
지니언스(주),263860,2017/12,정보통신업
지더블유바이텍(주),036180,2017/12,도매 및 소매업
지스마트글로벌(주),114570,2017/12,도매 및 소매업
지에이치신소재(주),130500,2017/12,제조업
지엔원에너지(주),270520,2017/12,"전문, 과학 및 기술 서비스업"
지엘팜텍(주),204840,2017/12,"전문, 과학 및 기술 서비스업"
진양제약(주),007370,2017/12,제조업
차이나그레이트스타인터내셔널리미티드,900040,2017/12,"전문, 과학 및 기술 서비스업"
차이나크리스탈신소재홀딩스,900250,2017/12,"전문, 과학 및 기술 서비스업"
차이나하오란리사이클링유한공사,900090,2017/12,"전문, 과학 및 기술 서비스업"
참존글로벌(주),158310,2017/12,제조업
참좋은여행(주),094850,2017/12,"사업시설 관리, 사업 지원 및 임대 서비스업"
카페24(주),042000,2017/12,정보통신업
커머스마이너 (주),223310,2017/12,정보통신업
컬러레이홀딩스,900310,2017/12,금융 및 보험업
케이디켐(주),221980,2017/12,제조업
케이만금세기차륜집단유한공사,900280,2017/12,"전문, 과학 및 기술 서비스업"
케이맥(주),043290,2017/12,제조업
케이비아이메탈(주),024840,2017/12,제조업
케이에이치건설(주),226360,2017/12,건설업
케이에이치전자(주),111870,2017/12,제조업
케이엠제약(주),225430,2017/12,제조업
케이지이티에스(주),151860,2017/12,"수도, 하수 및 폐기물 처리, 원료 재생업"
케이피엑스라이프사이언스(주),114450,2017/12,제조업
코나아이(주),052400,2017/12,정보통신업
코드네이처(주),078940,2017/12,건설업
코리아에프티(주),123410,2017/12,제조업
코스맥스엔비티(주),222040,2017/12,제조업
코아스템(주),166480,2017/12,제조업
코오롱생명과학(주),102940,2017/12,제조업
코오롱티슈진(주),950160,2017/12,제조업
코웰패션(주),033290,2017/12,도매 및 소매업
코위버(주),056360,2017/12,제조업
콜마비앤에이치(주),200130,2017/12,제조업
큐렉소(주),060280,2017/12,도매 및 소매업
크로바하이텍(주),043590,2017/12,제조업
크루셜텍(주),114120,2017/12,제조업
크리스탈지노믹스(주),083790,2017/12,"전문, 과학 및 기술 서비스업"
키네마스터(주),139670,2017/12,정보통신업
테고사이언스(주),191420,2017/12,제조업
테라사이언스(주),073640,2017/12,제조업
티제이미디어(주),032540,2017/12,제조업
티케이지애강(주),022220,2017/12,제조업
팅크웨어(주),084730,2017/12,제조업
파나케이아(주),058530,2017/12,제조업
패션플랫폼(주),225590,2017/12,제조업
풍국주정공업(주),023900,2017/12,제조업
피씨엘(주),241820,2017/12,제조업
피아이첨단소재(주),178920,2017/12,제조업
피앤씨테크(주),237750,2017/12,제조업
피에스케이홀딩스(주),031980,2017/12,제조업
피에스텍(주),002230,2017/12,제조업
피에이치에이(주),043370,2017/12,제조업
하나마이크론(주),067310,2017/12,제조업
하나머티리얼즈(주),166090,2017/12,제조업
하이록코리아(주),013030,2017/12,제조업
하이즈항공(주),221840,2017/12,제조업
한국기업평가(주),034950,2017/12,"사업시설 관리, 사업 지원 및 임대 서비스업"
한국맥널티(주),222980,2017/12,제조업
한국선재(주),025550,2017/12,제조업
한국알콜산업(주),017890,2017/12,제조업
한국전자금융(주),063570,2017/12,"사업시설 관리, 사업 지원 및 임대 서비스업"
한국전자인증(주),041460,2017/12,정보통신업
한국정밀기계(주),101680,2017/12,제조업
한국정보공학(주),039740,2017/12,도매 및 소매업
한국정보인증(주),053300,2017/12,정보통신업
한국정보통신(주),025770,2017/12,정보통신업
한국컴퓨터(주),054040,2017/12,제조업
한라아이엠에스(주),092460,2017/12,제조업
한솔아이원스(주),114810,2017/12,제조업
한솔인티큐브(주),070590,2017/12,정보통신업
한양디지텍(주),078350,2017/12,제조업
한양이엔지(주),045100,2017/12,"전문, 과학 및 기술 서비스업"
한일네트웍스(주),046110,2017/12,정보통신업
한일단조공업(주),024740,2017/12,제조업
한일사료(주),005860,2017/12,제조업
한일화학공업(주),007770,2017/12,제조업
한창산업(주),079170,2017/12,제조업
해성산업(주),034810,2017/12,금융 및 보험업
해성옵틱스(주),076610,2017/12,제조업
헝셩그룹유한회사,900270,2017/12,"전문, 과학 및 기술 서비스업"
현대바이오사이언스(주),048410,2017/12,제조업
현대에이치티(주),039010,2017/12,제조업
현대정보기술(주),026180,2017/12,정보통신업
현우산업(주),092300,2017/12,제조업
현진소재(주),053660,2017/12,제조업
화성밸브(주),039610,2017/03,제조업
화일약품(주),061250,2017/12,제조업
휴림네트웍스(주),192410,2017/12,제조업
휴림로봇(주),090710,2017/12,제조업
휴마시스(주),205470,2017/12,제조업
휴젤(주),145020,2017/12,제조업
흥구석유(주),024060,2017/12,도매 및 소매업
